Move History,Number of Plies,Outcome,Result,Player Scores,ACPL White,ACPL Black
Pe2e3- Pc7c5- Pd2d3- Pd7d6- Pf2f3- Nb8c6- Pg2g3- Pg7g6- Bf1g2- Bf8g7- Ng1e2- Ng8f6- Ke1g1- Ke8g8- Pc2c3- Pe7e5- Pb2b3- Pd6d5- Bc1b2- Pd5d4- Pe3d4x Pc5d4x Pc3d4x Pe5d4x Nb1d2- Rf8e8- Nd2c4- Bc8e6- Nc4d2- Be6d5- Nd2e4- Nf6e4x Pf3e4x Bd5e6- Ne2f4- Be6d7- Nf4d5- Nc6e5- Nd5f4- Pf7f5- Pe4f5x Bd7f5x Bg2b7x Ra8b8- Bb7d5+ Kg8h8- Bd5e4- Bf5e4x Pd3e4x Qd8b6- Kg1g2- Rb8d8- Qd1e2- Ne5g4- Ph2h3- Ng4e3+ Kg2h2- Ne3f1$ Ra1f1x Re8e4x Qe2e4x Qb6d6- Qe4d5- Qd6d5x Nf4d5x Rd8d5x Rf1f8+ Bg7f8x Bb2d4$ Kh8g8- Bd4a7x Rd5d2+ Kh2g1- Rd2a2x Ba7c5- Ra2c2- Bc5f8x Kg8f8x Kg1f1- Kf8f7- Kf1e1- Kf7f6- Ke1d1- Kf6e5- Kd1e1- Ke5d4- Ke1d1- Kd4c3- Kd1e1- Kc3b3x Ke1f1- Kb3c4- Kf1e1- Kc4d3- Ke1d1- Kd3e3- Kd1e1- Ke3f3- Ke1f1- Kf3g3x Kf1g1- Kg3h3x Kg1h1- Kh3g3- Kh1g1- Kg3f3- Kg1h1- Kf3g3- Kh1g1- Kg3f3- Kg1h1- Kf3g3- Kh1g1- Kg3h3- Kg1h1- Kh3g3- Kh1g1- Kg3h3- Kg1h1- Rc2c1+ ,121,checkmate,0-1,"[19, 10, -29, 6, -62, -59, -81, -59, -65, -57, -58, -59, -65, -66, -94, -72, -92, -104, -158, -123, -191, -146, -233, -230, -290, -243, -285, -172, -327, -113, -119, -43, -84, -80, -87, -49, -44, -19, -100, 21, 21, 28, 35, 33, 23, 32, 32, 81, 76, 208, 6, 112, -24, 392, -233, -240, -221, -221, -216, 446, 439, 454, 2, 0, 0, 1, -545, -544, -620, -489, -479, -479, -496, -516, -655, -498, -540, -561, -566, -580, -583, -594, -599, 389, -600, -626, -641, -653, -663, -99987, -99987, -99988, -99988, -99989, -99991, -668, -99999, -667, -99999, -854, -99999, -99988, -99999, -99999, -99999, -99998, -99998, -99999, -99999, -99997, -99997, 0, -99999, -99994, -99999, 0, -99999, 0, -99999, -100000]",7.0212765957446805,19.170212765957448
Pe2e4- Pc7c5- Pd2d3- Pg7g6- Ng1f3- Bf8g7- Bf1e2- Nb8c6- Ke1g1- Pd7d6- Pc2c3- Ng8f6- Bc1g5- Ke8g8- Nb1d2- Ph7h6- Bg5h4- Pg6g5- Bh4g3- Nf6h5- Bg3d6x Pe7d6x Pd3d4- Pc5d4x Pc3d4x Nh5f4- Be2c4- Nc6d4x Nf3d4x Bg7d4x Nd2f3- Bd4b2x Ra1b1- Bb2g7- Qd1b3- Bc8e6- Bc4e6x Pf7e6x Qb3e6$ Kg8h8- Nf3g5x Qd8g5x Qe6d6x Ra8d8- Qd6c7- Rd8d2- Pg2g3- Nf4h3+ Kg1g2- Nh3f2x Rf1f2x Rd2f2$ ,53,invalid_move,*,"[29, 38, 2, -1, -14, -8, -18, -16, -27, -10, -12, 27, -42, -21, -27, -34, -25, -36, -33, -32, -369, -348, -430, -414, -464, -453, -485, -412, -405, -400, -461, -431, -437, -427, -526, -484, -482, -449, -676, -443, -767, -758, -99999, -682, -99999, -896, -99987, -99992, -99992, -99993, -99995, -99995]",10.681818181818182,4.619047619047619
Pe2e4- Pe7e5- Pd2d3- Pf7f5- Nb1c3- Ng8f6- Pe4f5x Pd7d5- Ng1f3- Bc8f5x Bf1e2- Bf8d6- Ke1g1- Ke8g8- Bc1g5- Pc7c6- Bg5f6x Qd8f6x Nc3d5x Pc6d5x Pc2c4- Pd5d4- Pb2b4- Nb8c6- Pb4b5- Nc6e7- Pa2a4- Pa7a6- Pb5a6x Ra8a6x Pa4a5- Rf8a8- Qd1b3- Ra6a5x Ra1a5x Ra8a5x Qb3b7x Ra5a2- Qb7b8+ ,40,invalid_move,*,"[29, 33, 0, 83, 44, 119, 117, 123, -37, 68, -56, -25, -40, -28, -121, -95, -198, -179, -445, -419, -414, -388, -435, -394, -440, -397, -408, -368, -375, -333, -357, -327, -310, -53, -43, -47, -292, -233, -623]",0.21052631578947367,1.6842105263157894
Pe2e4- Pe7e6- Pd2d4- Pc7c6- Nb1c3- Pd7d5- Pe4e5- Pf7f6- Pf2f4- Pf6e5x Pf4e5x Ng8e7- Ng1f3- Ne7g6- Bf1d3- Bf8e7- Ke1g1- Ke8g8- Bc1e3- Nb8d7- Qd1d2- Pc6c5- Pd4c5x Nd7c5x Be3c5x Be7c5$ Kg1h1- Ng6e5x Nf3e5x Bc5d6- Ne5f3- Pe6e5- Nc3d5x Bc8g4- Nd5e3- Bg4f3x Rf1f3x Qd8h4- Ra1f1- Ra8e8- Ne3f5- Qh4h5- Nf5d6x Re8d8- Nd6f5- Rd8d7- Nf5g3- Qh5f7- Ng3e4- Rf8d8- Qd2e3- Rd7d4- Ne4g5- Qf7a2x Ng5e6- Rd4h4- Ne6d8x Rh4h2$ Kh1g1- ,60,invalid_move,*,"[29, 54, 43, 80, 86, 89, 41, 146, 77, 148, 159, 178, 157, 236, 224, 229, 173, 173, 138, 199, 131, 117, 22, 89, -14, -17, -21, 391, 431, 455, 353, 505, 512, 523, 523, 489, 501, 528, 512, 598, 548, 662, 690, 99994, 624, 99998, 710, 759, 652, 825, 668, 99994, 869, 99996, 478, 99998, 99996, 99996, 99995]",4.68,7.6
Pe2e3- Pe7e6- Pd2d4- Pd7d6- Pc2c4- Ng8f6- Nb1c3- Bf8e7- Ng1f3- Ke8g8- Bf1d3- Pc7c5- Ke1g1- Pc5d4x Pe3d4x Nb8c6- Bc1e3- Pd6d5- Pc4d5x Pe6d5x Rf1e1- Bc8g4- Ph2h3- Bg4h5- Bd3e2- Bh5g6- Be2d3- Bg6d3x Qd1d3x Nf6e4- Nc3e4x Pd5e4x Qd3e4x Be7f6- Ra1d1- Rf8e8- Qe4d3- Qd8b6- Pb2b3- Ra8d8- Pd4d5- Nc6e5- Nf3e5x Bf6e5x Be3b6x Pa7b6x Re1e5x Re8e5x Qd3d4- Re5d5x Qd4d5x Rd8d5x Rd1d5x Kg8f8- Rd5d7- Kf8e8- Rd7b7x Ke8d8- Rb7b6x Kd8c7- Rb6b4- Kc7c6- Rb4c4+ Kc6b5- Rc4b4+ Kb5a5- Rb4c4- Pf7f5- Rc4a4+ Ka5b5- Ra4b4+ Kb5c5- Rb4c4+ Kc5d5- Rc4d4+ Kd5c5- Rd4c4+ Kc5b5- Rc4b4+ Kb5a5- Rb4a4+ Ka5b5- Ra4b4+ Kb5c5- Rb4c4+ Kc5d5- Rc4d4+ Kd5c5- Rd4c4+ Kc5b5- Rc4b4+ Kb5a5- Rb4a4+ Ka5b5- Ra4b4+ ,96,fivefold_repetition,1/2-1/2,"[18, 15, 14, 48, 39, 43, 40, 52, 44, 49, 44, 69, 37, 79, 94, 103, 39, 34, 34, 50, 28, 27, 38, 31, 13, 49, 18, 25, 16, 118, 98, 128, 123, 181, 95, 98, 66, 443, 105, 228, 250, 535, 530, 587, 590, 578, 557, 578, 557, 575, 577, 580, 581, 578, 585, 588, 596, 641, 591, 592, 599, 597, 603, 610, 439, 611, 609, 617, 617, 616, 441, 617, 619, 696, 478, 619, 621, 627, 486, 627, 628, 628, 489, 613, 629, 762, 492, 617, 0, 627, 0, 619, 0, 615, 0]",0.723404255319149,2.1914893617021276
Pe2e4- Pe7e5- Pc2c4- Pc7c6- Nb1c3- Pd7d6- Pd2d3- Ng8f6- Pf2f4- Bf8e7- Ng1f3- Ke8g8- Pf4e5x Pd6e5x Bf1e2- Nb8d7- Ke1g1- Nd7c5- Bc1e3- Nc5e6- Qd1d2- Ne6d4- Nf3d4x Pe5d4x Be3d4x Bc8e6- Pb2b3- Pc6c5- Bd4e3- Pb7b6- Ra1d1- Qd8c7- Nc3d5- Nf6d5x Pe4d5x Be6d7- Be3f4- Qc7c8- Be2f3- Be7f6- Bf4g3- Bf6d4+ Kg1h1- Bd7f5- Bf3e4- Bf5e4x Pd3e4x Qc8g4- Qd2f4- Qg4f4x Bg3f4x Pf7f6- Bf4g3- Ra8e8- Rf1e1- Re8e7- Re1e2- Rf8e8- Rd1e1- Re7e4x Re2e4x Re8e4x Re1e4x Kg8f7- Re4e7+ Kf7g6- Re7a7x Ph7h5- Ra7b7- Ph5h4- Bg3f2- Ph4h3- Pg2h3x Kg6h5- Rb7b6x Kh5g6- Rb6c6- Kg6h5- Rc6c5x Kh5g6- Rc5c6- Kg6h5- Rc6c5- Kh5g6- Rc5c6- Kg6h5- Rc6c5- Kh5g6- Rc5c6- Kg6h5- Rc6c5- Kh5g6- Rc5c6- Kg6h5- Rc6c5- ,96,fivefold_repetition,1/2-1/2,"[29, 28, -50, 46, 27, 57, 31, 24, 12, 36, 23, 58, 51, 47, -65, -46, -58, -3, -60, 51, -135, 107, -288, -296, -452, 132, -487, 188, 185, 185, 184, 219, 157, 191, 180, 197, 180, 250, 207, 205, 219, 235, 214, 257, 150, 145, 155, 255, 169, 156, 148, 194, 77, 60, 34, 349, 44, 49, 52, 523, 549, 557, 561, 607, 61, 633, 571, 596, 560, 587, 549, 551, 555, 641, 562, 723, 554, 753, 580, 769, 571, 877, 582, 1009, 564, 99978, 0, 99983, 0, 99983, 0, 99985, 0, 99987, 0]",13.8,1.3863636363636365
Pe2e4- Pe7e6- Pd2d3- Pc7c5- Ng1f3- Nb8c6- Bf1e2- Pd7d5- Pe4d5x Pe6d5x Ke1g1- Ng8f6- Rf1e1- Bf8e7- Bc1g5- Ke8g8- Bg5f6x Be7f6x Nb1c3- Pd5d4- Nc3e4- Bf6e7- Ne4g3- Bc8e6- Nf3d2- Qd8c7- Nd2e4- Ra8d8- Be2f3- Pf7f5- Ne4d2- Be7d6- Nd2c4- Bd6g3x Ph2g3x Qc7f7- Nc4d2- Pf5f4- Pg3g4- Ph7h5- Pg4h5x Qf7h5x Bf3h5x Rf8f6- Bh5f3- Rd8f8- Nd2e4- Rf6h6- Ne4c5x Rf8f6- Nc5e6x Rf6e6x Bf3c6x Pb7c6x Qd1f3- Re6f6- Qf3e4- Rf6g6- Qe4e8+ Kg8h7- Qe8e4- ,62,invalid_move,*,"[29, 48, 1, 5, 5, 7, -16, -17, -14, -18, -20, -28, -31, -28, -50, -51, -114, -126, -107, -35, -49, -53, -75, -58, -59, -8, -118, -100, -106, 58, -41, 467, -49, 53, 36, 101, 22, 78, 38, 103, 100, 535, 550, 552, 527, 646, 555, 580, 561, 682, 711, 760, 628, 636, 618, 717, 541, 704, 609, 620, 590]",1.0,2.2
Pe2e4- Pe7e6- Pd2d4- Pf7f5- Pe4f5x Pe6f5x Ng1f3- Ng8f6- Bf1d3- Pd7d5- Ke1g1- Bf8d6- Rf1e1+ Ke8f7- Nf3e5+ Kf7g8- Ne5f3- Nf6e4- Nf3e5- Bd6e5x Pd4e5x Pc7c6- Pf2f3- Ne4c5- Bd3f5x Bc8f5x Qd1d5$ Nc5e6- Qd5d8$ Ne6d8x Pf3f4- Nb8d7- Nb1c3- Nd8e6- Bc1e3- Ra8d8- Ra1d1- Nd7b6- Rd1d8$ Ne6d8x Re1d1- Nd8e6- Pg2g4- Bf5c2x Rd1d7- Bc2e4- Nc3e4x Nb6d7x Ne4d6- Nd7b6- Pf4f5- Ne6c5- Be3c5x Nb6d7- ,55,invalid_move,*,"[29, 25, 47, 112, 130, 166, 167, 175, 164, 174, 184, 218, 210, 235, 208, 260, 133, 301, 84, 110, 113, 205, 168, 162, -245, -258, -664, -180, -204, -208, -273, -221, -226, -219, -298, -213, -201, -193, -181, -193, -252, -180, -372, -45, -487, 446, -260, -265, -381, -263, -278, 231, 210, 414]",1.6296296296296295,3.0
Pe2e3- Pe7e5- Pd2d3- Pf7f5- Pf2f3- Ng8f6- Pg2g3- Pd7d5- Bf1g2- Bf8d6- Ng1e2- Ke8g8- Ke1g1- Pc7c6- Pc2c3- Bc8e6- Pb2b3- Nb8d7- Bc1b2- Qd8e7- Nb1d2- Ra8e8- Pe3e4- Pf5e4x Pd3e4x Pd5e4x Pf3e4x Nf6g4- Nd2f3- Nd7c5- Qd1c2- Be6f7- Ra1d1- Bf7h5- Ph2h3- Ng4e3- Qc2d2- Ne3d1x Rf1d1x Bh5f3x Bg2f3x Nc5e6- Qd2d6x Qe7d6x Rd1d6x Ne6g5- Bf3g4- Re8d8- Rd6d8x Rf8d8x Bg4f5- Ph7h6- Ph3h4- Ng5f7- Bf5e6- Kg8f8- Be6f7x Kf8f7x Kg1f2- Kf7e6- Kf2e3- Ke6d6- Ke3d3- Rd8f8- Kd3c4- Rf8f2- Ne2c1- Rf2b2x Nc1d3- Rb2a2x Nd3e5x Ra2c2- Ne5d3- Rc2c3$ Kc4b4- Rc3d3x Pe4e5+ Kd6e6- Kb4c5- Rd3d5+ Kc5c4- Rd5e5x Kc4d4- Re5d5+ Kd4e4- Rd5d4+ Ke4e3- Rd4h4x Ke3f3- Rh4b4- Kf3e3- Rb4b3$ Ke3d2- Rb3b4- Kd2c3- Rb4a4- Kc3b3- Ra4a5- Kb3c3- Ra5a4- Kc3b3- Ra4a5- Kb3c3- Ra5a4- Kc3b3- Ra4a5- Kb3c3- Ra5a4- Kc3b3- Ra4a5- Kb3c3- Ra5a4- ,113,fivefold_repetition,1/2-1/2,"[19, 27, -37, 12, -62, -36, -105, -112, -119, -108, -108, -83, -85, -93, -116, -115, -108, -105, -173, -157, -163, -177, -271, -311, -315, -311, -389, -397, -384, -345, -472, -302, -411, -82, -427, -445, -446, -453, -556, -503, -527, -380, -459, -454, -463, 199, 36, 125, 124, 132, 12, 179, 0, 192, -282, 178, -55, 128, -24, 161, 158, 323, 131, 151, 53, 86, -445, -470, -524, -510, -578, -449, -442, 353, -607, -633, -638, -650, -683, -650, -657, -623, -637, -661, -671, -491, -678, -548, -676, -705, -948, -978, -99986, -99984, -99985, -99985, -99985, -99984, -99986, -99986, -99986, -99986, -99987, 0, -99987, 0, -99987, 0, -99987, 0, -99987, 0]",5.166666666666667,20.9375
Pe2e4- Pc7c5- Pd2d4- Pd7d6- Pd4d5- Pe7e6- Pc2c4- Pe6d5x Pc4d5x Ng8f6- Nb1c3- Bf8e7- Bf1c4- Ke8g8- Ng1f3- Pa7a6- Ke1g1- Pb7b5- Bc4b3- Pc5c4- Bb3c2- Bc8g4- Ph2h3- Bg4h5- Pg2g4- Bh5g6- Nf3h4- Bg6e4x Nc3e4x Nf6e4x Bc2e4x Be7h4x Qd1f3- Qd8f6- Qf3f6x Bh4f6x Bc1e3- Nb8d7- Ra1c1- Nd7e5- Pf2f4- Ne5d3- Rc1c2- Nd3c5- Be3c5x Pd6c5x Rf1c1- Ra8d8- Pb2b3- Pc4b3x Pa2b3x Rd8d5x Be4d5x Rf8d8- Bd5c6- Rd8d2- Rc2d2x Bf6d4+ Kg1g2- Bd4e3- Rd2d8+ ,62,checkmate,1-0,"[29, 38, 0, 153, 73, 69, 94, 76, 72, 61, 66, 103, 90, 94, 66, 78, 55, 49, -41, 72, 74, 86, 82, 163, 145, 143, 81, 140, 148, 121, -109, -141, -191, -153, -180, -176, -333, -208, -341, -117, -222, -70, -498, -161, -159, -166, -201, -173, -237, -135, -125, 377, 416, 434, 345, 619, 624, 626, 631, 99999, 100000]",3.689655172413793,3.4827586206896552
Pe2e4- Pe7e6- Pd2d4- Pf7f5- Pe4f5x Pe6f5x Ng1f3- Ng8f6- Bf1d3- Pd7d5- Ke1g1- Bf8d6- Rf1e1+ Ke8f7- Nf3e5+ Kf7g8- Ne5f3- Nf6e4- Bd3e4x Pf5e4x Nf3e5- Bd6e5x ,23,invalid_move,*,"[29, 43, 42, 154, 184, 164, 158, 169, 175, 185, 180, 205, 206, 228, 182, 293, 128, 312, -17, 65, 67, 75]",1.8181818181818181,3.9
Pd2d4- Pd7d5- Pc2c4- Pc7c6- Nb1c3- Pe7e6- Pe2e4- Pd5e4x Nc3e4x Ng8f6- Ne4f6$ Qd8f6x Ng1f3- Bf8b4+ Bc1d2- Bb4d2$ Qd1d2x Ke8g8- Bf1d3- Nb8d7- Ke1g1- Pe6e5- Pd4e5x Nd7e5x Nf3e5x Qf6e5x Rf1e1- Qe5f6- Re1e3- Bc8e6- Ra1e1- Ra8d8- Re3e6x Pf7e6x Re1e6x Qf6f7- Re6e2- Rd8d3x Qd2d3x Qf7c4x Qd3c4$ Kg8h8- Qc4c3- Ph7h6- Qc3e3- Rf8f7- Qe3e8+ Kh8h7- Qe8f7x Kh7h8- Qf7g7$ Kh8g7x Re2e7+ Kg7f6- Re7b7x Kf6e5- Rb7a7x Ke5d4- Ra7g7- Kd4c4- Rg7g6- Kc4b4- Rg6h6x Kb4c4- Rh6c6$ Kc4b4- Rc6b6+ Kb4c4- Pa2a4- Kc4d4- Pa4a5- Kd4c4- Pa5a6- Kc4d4- Pa6a7- Kd4c4- Qa7a8- Kc4d4- Qa8a4+ Kd4e5- Rb6b5+ Ke5f6- Qa4a6+ Kf6f7- Rb5b7+ Kf7f8- Qa6a8+ ,88,checkmate,1-0,"[31, 27, 29, 33, 38, 38, 48, 57, 57, 45, 56, 57, 52, 57, 61, 64, 73, 91, 86, 85, 32, 31, -10, -8, -7, 0, -7, -4, -5, 4, -23, -27, -265, -258, -554, -216, -248, 167, 150, 99994, 99995, 99995, 738, 99987, 657, 99995, 99996, 99997, 99998, 99998, 585, 600, 601, 601, 613, 621, 635, 844, 848, 970, 661, 99988, 714, 974, 99982, 99989, 99987, 99988, 99990, 99990, 99991, 99992, 99993, 99993, 99994, 99995, 99996, 99996, 99997, 99997, 99997, 99997, 99998, 99998, 99999, 99999, 100000]",14.925925925925926,17.26923076923077
Pd2d4- Pd7d5- Pc2c4- Pc7c6- Nb1c3- Ng8f6- Pe2e3- Pe7e6- Ng1f3- Bf8e7- Bf1e2- Ke8g8- Ke1g1- Nb8d7- Pb2b3- Pa7a6- Bc1b2- Pb7b5- Pc4d5x Pc6d5x Ra1c1- Bc8b7- Nf3e5- Ra8c8- Ne5d7x Qd8d7x Pa2a3- Rf8d8- Pb3b4- Nf6e4- Nc3e4x Pd5e4x Qd1d2- Pf7f5- Pf2f3- Be7f6- Pf3e4x Pf5e4x Rf1f6x Pg7f6x Rc1f1- Kg8h8- Be2g4- Pf6f5- Bg4h3- Rd8g8- Rf1f2- Rg8g6- Pg2g3- Rc8g8- Kg1h1- Pf5f4- Pe3f4x Rg6g3x Ph2g3x Rg8g3x Bh3g2- Qd7g7- Rf2f1- ,60,invalid_move,*,"[31, 27, 29, 33, 38, 38, 32, 39, 39, 44, 32, 27, 27, 26, 23, 31, 25, 73, -1, 20, 10, 7, -14, -7, -26, -25, -21, -15, -25, -22, -58, -73, -85, -34, -111, -59, -92, -48, -251, -160, -199, -73, -153, 398, -320, 399, -328, 133, -321, 400, -312, 462, -332, 367, 431, 557, 75, 509, -276]",0.9655172413793104,2.586206896551724
Pe2e4- Pe7e6- Pd2d4- Pa7a6- Nb1c3- Pb7b5- Bc1e3- Bc8b7- Ng1f3- Pb5b4- Nc3e2- Pa6a5- Pc2c3- Pb4c3x Pb2c3x Pc7c5- Pd4c5x Bf8c5x Be3c5x Bb7e4x Bc5d4- Be4f3x Pg2f3x Ng8f6- Bf1g2- Ke8g8- Ke1g1- Nb8c6- Bd4f6x Qd8f6x Ne2g3- Nc6e5- Ng3e4- Qf6g6- Ne4g3- Pd7d5- Qd1d4- Ne5f3$ Bg2f3x Qg6f6- Qd4f6x Pg7f6x Bf3g2- Kg8h8- Ra1b1- Rf8g8- Rb1b7- Ra8f8- Rf1b1- Rg8g7- Rb7b8- Rf8b8x Rb1b8$ Rg7g8- Rb8g8$ Kh8g8x Ng3e2- Kg8g7- Ne2d4- Kg7g6- Nd4c6- Pe6e5- Nc6a5x Pd5d4- Pc3d4x Pe5d4x Na5c6- Pd4d3- Nc6d4- Kg6g5- Nd4f3+ Kg5f4- Nf3d2- Kf4e5- Nd2c4+ Ke5d4- Nc4d2- Kd4c3- Nd2e4+ Kc3c2- Ne4f6x Kc2c1- Nf6h7x Kc1c2- Nh7g5- Kc2c1- Ng5f7x Kc1c2- Nf7e5- Kc2c1- Ne5d3$ Kc1c2- Nd3b4+ Kc2c1- Nb4d3+ Kc1c2- Nd3b4+ Kc2c1- Nb4d3+ Kc1c2- Nd3b4+ Kc2c1- Nb4d3+ Kc1c2- Nd3b4+ Kc2c1- Nb4d3+ ,108,fivefold_repetition,1/2-1/2,"[29, 48, 36, 56, 48, 83, 44, 47, -51, -61, -56, 70, -60, 89, -26, 186, 36, 448, 471, 458, 377, 427, 365, 368, 359, 362, 346, 359, 363, 357, 249, 329, 232, 351, 335, 343, 294, 501, 475, 532, 527, 541, 496, 525, 484, 509, 472, 473, 507, 541, 497, 519, 540, 557, 560, 564, 532, 537, 517, 519, 525, 565, 549, 569, 582, 617, 583, 602, 564, 624, 570, 595, 600, 621, 548, 550, 519, 535, 518, 613, 474, 621, 496, 559, 599, 578, 645, 782, 657, 99974, 99983, 99987, 99984, 99988, 99987, 99988, 99987, 99989, 0, 99988, 0, 99989, 0, 99988, 0, 99989, 0]",15.042553191489361,4.804347826086956
Pd2d4- Pd7d5- Pc2c4- Pc7c6- Nb1c3- Ng8f6- Pe2e3- Bc8f5- Ng1f3- Pe7e6- Bf1e2- Bf8d6- Ke1g1- Ke8g8- Pb2b3- Nb8d7- Bc1b2- Pa7a6- Ra1c1- Ra8c8- Pa2a3- Pb7b5- Pc4c5- Bd6b8- Pb3b4- Nf6e4- Nc3e4x Bf5e4x Nf3d2- Be4g6- Be2f3- Pf7f5- Ph2h3- Qd8h4- Bf3e2- Qh4g5- Nd2f3- Qg5h6- Nf3e5- Nd7e5x Pd4e5x Bb8e5x Bb2e5x Qh6g5- Be5g3- Pe6e5- Be2f3- Pe5e4- Bf3e2- Rc8d8- Qd1d4- Rd8d7- Rc1d1- Rf8d8- Pf2f4- Pe4f3x Be2f3x ,58,invalid_move,*,"[31, 32, 37, 35, 26, 37, 40, 23, 19, 24, -7, 21, 4, 9, -25, -25, -42, -25, -23, -9, -35, -21, -39, -53, -67, -88, -107, -12, -29, 18, -28, 4, -61, -46, -60, -31, -16, -2, 0, 24, 29, 457, 460, 519, 469, 499, 351, 426, 368, 389, 368, 418, 374, 459, -102, 380, -67]",1.9285714285714286,1.25
Pd2d4- Pe7e6- Pe2e3- Pf7f5- Pc2c4- Ng8f6- Nb1c3- Pd7d5- Pc4d5x Pe6d5x Ng1f3- Pc7c6- Bf1d3- Bf8d6- Ke1g1- Ke8g8- Ph2h3- Nb8d7- Rf1e1- Nf6e4- Nc3e4x Pf5e4x Bd3e2- Nd7f6- Nf3e5- Bd6e5x Pd4e5x Nf6d7- Pf2f4- Pe4f3x Be2f3x Nd7e5x Bf3e2- Ne5g6- Be2f3- Bc8f5- Bf3e2- Qd8b6- Bc1d2- Ra8e8- Bd2c3- Re8e3x Qd1d2- Re3e2$ ,45,invalid_move,*,"[31, 38, 16, 48, 43, 41, 45, 37, 42, 44, 19, 17, 8, 6, 8, 8, -19, 115, -137, -139, -413, -453, -438, -205, -200, -196, -208, -194, -217, -209, -209, -212, -555, -185, -355, -156, -411, -279, -342, -228, -386, 167, -99990, -550]",2.8095238095238093,1.4761904761904763
Pe2e4- Pe7e6- Pd2d3- Pd7d6- Ng1f3- Ph7h6- Bf1e2- Pg7g6- Ke1g1- Bf8g7- Pc2c3- Ng8e7- Pd3d4- Ke8g8- Bc1e3- Pf7f5- Pe4f5x Pe6f5x Nb1d2- Pg6g5- Nf3e1- Pf5f4- Be3f4x Pg5f4x Be2f3- Ne7g6- Ne1d3- Nb8c6- Nd2e4- Bc8f5- Ne4d2- Qd8g5- Nd2e4- Bf5e4x Bf3e4x Ng6h4- Pg2g3- Pf4g3x Pf2g3x Nh4g6- Be4g6x Qg5g6x Qd1f3- Rf8f3x Rf1f3x Ra8f8- Ra1f1- Rf8f3x Rf1f3x ,50,invalid_move,*,"[29, 43, 5, 37, 20, 77, 35, 68, 43, 63, 25, 30, 38, 43, 7, 26, 25, 26, -274, 2, -260, -266, -263, -266, -292, -216, -297, -305, -347, -325, -492, -341, -329, -280, -307, -255, -274, -244, -280, -124, -258, -104, -515, -564, -524, -500, -554, -558, -555]",2.9166666666666665,2.75
Pe2e4- Pe7e5- Pd2d3- Pf7f5- Nb1c3- Ng8f6- Pe4f5x Pd7d5- Ng1f3- Bc8f5x Bf1e2- Pc7c6- Ke1g1- Bf8d6- Bc1g5- Ke8g8- Ph2h3- Ph7h6- Bg5h4- Nb8d7- Bh4g3- Qd8c7- Nf3h4- Bf5h7- Nh4f3- Ra8e8- Nf3h4- Pe5e4- Pd3e4x Pd5e4x Qd1d6x Qc7d6x Bg3d6x Re8d8- Bd6f8x Rd8f8x Ra1d1- Nd7e5- Rd1d6- Ne5c4- Rd6d4- Nc4b2x Rf1b1- Nb2a4- Nc3a4x Pb7b5- Na4c5- Pa7a5- Nc5e6- Rf8e8- Ne6c7- Re8c8- Nc7e6- Pa5a4- Ne6c5- Rc8a8- Nc5b7- Pb5b4- Nb7d6- Pb4b3- Pa2b3x Pa4b3x Rb1b3x Ra8a1+ Kg1h2- Nf6d5- Rb3b8+ ,68,checkmate,1-0,"[29, 33, -6, 82, 42, 104, 104, 119, -5, 56, -70, -23, -25, -12, -96, -94, -115, -98, -100, -40, -124, -122, -161, -154, -187, -150, -215, -160, -232, 363, 362, 363, 348, 487, 480, 488, 431, 495, 473, 568, 460, 473, 473, 557, 527, 544, 534, 567, 571, 584, 500, 507, 491, 535, 499, 569, 482, 563, 562, 590, 573, 613, 576, 661, 683, 99999, 100000]",0.0,0.8125
Pd2d4- Pd7d6- Pc2c4- Pc7c6- Nb1c3- Ng8f6- Pe2e4- Pg7g6- Pf2f4- Bf8g7- Ng1f3- Ke8g8- Bf1d3- Nb8d7- Ke1g1- Pe7e5- Pf4e5x Pd6e5x Pd4d5- Pc6d5x Pc4d5x Nd7c5- Bd3c2- Bc8g4- Qd1e2- Qd8b6- Kg1h1- Ra8c8- Ph2h3- Bg4f3x Rf1f3x Nc5d7- Bc1e3- Qb6c7- Ra1f1- Nd7c5- Be3c5x Qc7c5x Rf3f6x Bg7f6x Rf1f6x Qc5d4- Qe2f3- Qd4d2- Qf3g3- Qd2c2x Rf6f3- Qc2b2x Rf3f2- Qb2c3x Rf2f3- Qc3d4- Rf3f2- Rc8c1+ Kh1h2- Qd4e4x Rf2f3- Qe4e1- Rf3f2- Rc1c2- Rf2c2x Qe1g3$ Kh2g3x Rf8d8- Rc2c7- Pe5e4- Rc7b7x Pe4e3- Rb7a7x Pe3e2- Ra7e7- Qe2e1+ Kg3h2- Qe1e7x Pd5d6- Qe7d6$ Pg2g3- Qd6d2+ Kh2g1- ,80,invalid_move,*,"[31, 58, 28, 63, 73, 77, 82, 78, 94, 98, 98, 105, 48, 129, 50, 53, 51, 52, 53, 58, 62, 65, 81, 60, 21, 66, 58, 56, -6, 55, 58, 99, -404, 157, 103, 438, 317, 321, 320, 318, 321, 341, 340, 352, -113, -129, -186, -232, -504, -511, -516, -514, -558, -513, -521, -535, -578, -568, -99999, -395, -379, -362, -345, -377, -391, -166, -129, -22, -478, 1, -2, 12, -99994, -99995, -99996, -99997, -99997, -99998, -99998]",16.714285714285715,30.65714285714286
Pe2e4- Pe7e6- Pd2d4- Pf7f5- Pe4f5x Pe6f5x Ng1f3- Ng8f6- Bf1d3- Pd7d5- Ke1g1- Bf8d6- Rf1e1+ Ke8f7- Nf3e5+ Kf7g8- Ne5f3- Nb8c6- Pc2c3- Bc8d7- Bc1g5- Qd8e8- Nb1d2- Qe8g6- Nf3e5- Nc6e5x Pd4e5x Bd6e5x Bg5f6x Be5f6x Nd2f3- Ra8e8- Re1e8$ ,34,invalid_move,*,"[29, 34, 43, 164, 174, 175, 167, 169, 170, 173, 174, 219, 210, 214, 195, 273, 142, 175, 94, 194, 132, 502, 126, 249, -118, 166, 164, 210, 93, 120, 90, 85, 22]",0.3125,1.3125
Pe2e4- Pe7e6- Pd2d4- Pg7g6- Pc2c4- Bf8g7- Nb1c3- Ng8e7- Ng1f3- Ke8g8- Bf1e2- Pd7d5- Pc4d5x Pe6d5x Pe4e5- Pc7c5- Ke1g1- Pc5d4x Nf3d4x Nb8c6- Nd4c6x Ne7c6x Bc1e3- Bc8e6- Pf2f4- Qd8b6- Be3b6x Pa7b6x Be2f3- Ra8d8- Qd1e2- Nc6d4- Qe2f2- Nd4f3$ Qf2f3x Pd5d4- Nc3e4- Be6d5- Ne4f6+ Bg7f6x Pe5f6x Bd5f3x Rf1f3x Rd8d5- Ra1e1- Rf8d8- Rf3d3- Rd5c5- Rd3d4x Rc5c2- Rd4d8$ ,52,checkmate,1-0,"[29, 34, 33, 117, 69, 98, 90, 70, 65, 94, 41, 37, 39, 42, 35, 40, -48, -41, -55, -33, -46, -27, -437, -32, -408, 499, 480, 491, 477, 481, 443, 469, 472, 481, 477, 467, 484, 490, 286, 285, 0, 0, 0, 11, -10, 16, 14, 201, 183, 99999, 100000]",1.4583333333333333,0.9166666666666666
Pd2d4- Pd7d6- Pc2c4- Pg7g6- Nb1c3- Bf8g7- Pe2e4- Ng8f6- Pf2f4- Ke8g8- Ng1f3- Pc7c5- Pd4d5- Pa7a6- Bf1d3- Pb7b5- Pc4b5x Pa6b5x Ke1g1- Pb5b4- Nc3e2- Bc8a6- Bd3a6x Nb8a6x Qd1d3- Na6c7- Pe4e5- Pd6e5x Pf4e5x Nf6d5x Ne2f4- Nd5f4x Bc1f4x Nc7e6- Bf4g3- Qd8d3x Rf1d1- Qd3f5- Rd1d7- Ra8d8- Ra1d1- Rd8d7x Rd1d7x ,44,invalid_move,*,"[31, 54, 28, 53, 52, 54, 48, 53, 26, 30, 30, 21, 27, 69, 52, 50, -51, -32, -150, -131, -138, -105, -115, -112, -204, -125, -254, -206, -212, -211, -305, -300, -594, -250, -653, -651, -669, -663, -680, -637, -701, -713, -721]",1.0952380952380953,0.2857142857142857
Pe2e4- Pe7e6- Pd2d4- Pf7f6- Pe4e5- Pd7d6- Pe5f6x Ng8f6x Ng1f3- Bf8e7- Bf1d3- Ke8g8- Ke1g1- Pe6e5- Pd4e5x Pd6e5x Nf3e5x Be7d6- Ne5f3- Bd6e7- Rf1e1- Be7d6- Nb1c3- Bd6e7- Bc1g5- Be7d6- Bg5f6x Qd8f6x Nc3e4- Qf6e7- Ne4d6x Pc7d6x Bd3c4+ Kg8h8- Qd1d4- Nb8c6- Qd4c3- Nc6e5- Nf3e5x Pd6e5x Re1e5x Qe7f6- Re5e8- Qf6c3x Pb2c3x Rf8e8x Bc4f7- Re8f8- Bf7b3- Bc8e6- Ra1d1- Be6b3x Pa2b3x Ra8e8- Rd1d7- Re8e1+ ,57,checkmate,0-1,"[29, 48, 36, 135, 72, 128, 55, 48, 54, 60, 55, 62, 56, 199, 196, 271, 156, 212, 112, 273, 205, 246, 237, 369, 295, 348, 305, 317, 317, 471, 437, 701, 647, 658, 332, 568, 263, 348, 335, 339, 350, 343, -471, 99999, -480, -479, -482, -480, -491, -221, -497, -515, -502, -490, -99999, -100000]",12.038461538461538,11.615384615384615
Pd2d4- Pd7d5- Pc2c4- Pc7c6- Nb1c3- Ng8f6- Pe2e3- Bc8f5- Ng1f3- Pe7e6- Bf1e2- Bf8d6- Ke1g1- Ke8g8- Pc4d5x Pe6d5x Pa2a3- Nb8d7- Pb2b4- Rf8e8- Bc1b2- Nf6e4- Nc3e4x Bf5e4x Nf3d2- Be4g6- Be2f3- Nd7f6- Ra1c1- Qd8d7- Ph2h3- Ra8c8- Rf1e1- Ph7h6- Pe3e4- Pd5e4x Nd2e4x Nf6e4x Bf3e4x Bg6e4x Re1e4x Re8e4x Qd1f3- Re4e1+ Rc1e1x Rc8e8- Re1e8$ Qd7e8x Pd4d5- Pc6d5x Bb2d4- Qe8e1+ ,53,checkmate,0-1,"[31, 30, 37, 35, 41, 44, 26, 33, 20, 23, 0, 17, 1, 14, -23, -22, -38, -40, -85, -82, -78, -84, -112, -80, -96, -79, -107, -118, -106, -68, -143, -104, -147, -91, -291, -308, -432, -439, -511, -537, -549, -548, -567, -41, -31, -37, -47, -39, -99999, -113, -99999, -100000]",3.25,1.625
Pd2d4- Pd7d5- Pc2c3- Pc7c5- Ng1f3- Nb8c6- Bc1f4- Ng8f6- Pe2e3- Pe7e6- Bf1d3- Bf8d6- Bf4g3- Ke8g8- Ke1g1- Pa7a6- Nb1d2- Pb7b5- Pa2a3- Bc8b7- Rf1e1- Ra8c8- Qd1e2- Pc5c4- Bd3c2- Nc6a5- Pe3e4- Na5b3- Ra1d1- Nb3d2x Rd1d2x Pd5e4x Bc2e4x Nf6e4x Qe2e4x Bb7e4x Re1e4x Qd8c7- Nf3e5- Pf7f6- Ne5f3- Pe6e5- Pd4e5x Pf6e5x Re4e5x Bd6e5x Nf3e5x Qc7e5x Bg3e5x Rc8e8- Be5d4- Rf8f7- Pg2g3- Rf7e7- Kg1g2- Re7e2- Rd2e2x Re8e2x Kg2f3- Re2b2x Ph2h4- Rb2b3- Kf3g4- Rb3a3x Pf2f4- Ra3c3x Pf4f5- Rc3d3- Pf5f6- Pg7f6x Bd4f6x Rd3g3$ Kg4f5- Rg3f3+ Kf5e6- Rf3f6$ Ke6f6x Pc4c3- Kf6e5- Pc3c2- Ke5d4- Qc2c1- Kd4e5- Qc1c5+ Ke5f4- Pb5b4- Kf4e4- Pb4b3- Ke4f4- Pb3b2- Kf4e4- Qb2b1+ Ke4f4- Qb1b4+ Kf4f3- Qc5c3+ Kf3e2- Qb4b2+ Ke2d1- Qc3c1+ ,101,checkmate,0-1,"[31, 33, 19, 14, 11, 58, 7, 19, 9, 27, -13, 10, 5, 33, 5, 40, 38, 52, 29, 27, 31, 30, 27, 30, 42, 68, 50, 271, 21, 27, -77, 1, -498, -500, -567, -507, -507, -451, -504, -508, -515, -436, -419, -426, -499, -500, -514, -238, -232, -235, -99999, -149, -135, -41, -328, -300, -403, -409, -401, -410, -487, -490, -507, -519, -520, 342, -588, -571, -817, -595, -637, -84, -631, -649, -726, -879, -922, -99983, -99988, -99990, -99991, -99993, -99993, -99992, -99993, -99994, -99994, -99995, -99995, -99996, -99996, -99997, -99998, -99997, -99997, -99998, -99998, -99999, -99999, -100000]",63.026315789473685,51.37837837837838
Pd2d4- Pd7d5- Pc2c4- Pc7c5- Pc4d5x Qd8d5x Nb1c3- Qd5d8- Pe2e4- Pc5d4x Nc3d5- Pe7e6- Nd5f4- Ng8f6- Bf1b5+ Bc8d7- Bb5d7$ Nb8d7x Ng1f3- Bf8c5- Ke1g1- Ke8g8- Pe4e5- Nf6d5- Nf4d5x Pe6d5x Bc1g5- Pf7f6- Pe5f6x Nd7f6x Bg5f6x Qd8f6x Nf3d4x Bc5d4x Qd1d4x Qf6d4x Ra1d1- Qd4b2x Rd1d5x Ra8d8- Rd5d8x Rf8d8x Pg2g3- Rd8d2- Ph2h4- Qb2a2x Kg1g2- Qa2d5+ Kg2h3- Qd5f5+ Kh3g2- Qf5e4+ Kg2h3- Qe4f5+ Pg3g4- Qf5f3+ Kh3h2- Qf3f2$ Kh2h3- Qf2g3+ Kh3g3x Rd2d3+ Kg3f4- Rd3a3- Rf1c1- Ra3a4+ Kf4e5- Ra4a5+ Ke5d6- Ra5a6+ Kd6c7- Ra6c6+ Kc7b7x Rc6c1x Kb7a7x Rc1b1- Ka7a6- Rb1a1+ Ka6b5- Ra1b1+ Kb5c4- Rb1c1+ Kc4d4- Rc1d1+ Kd4e3- Rd1e1+ Ke3f4- Re1f1+ Kf4g3- Rf1g1+ Kg3f2- Rg1g4x Kf2f3- Rg4h4x Kf3g3- Rh4h5- Kg3f3- Rh5g5- Kf3f4- Rg5f5+ Kf4e4- Rf5f6- Ke4e5- Rf6e6+ Ke5e6x Pg7g5- Ke6f5- Pg5g4- Kf5g4x Ph7h5+ Kg4h5x ,112,insufficient_material,1/2-1/2,"[31, 33, 32, 72, 49, 70, 10, 114, -141, -120, -192, -210, -177, -189, -228, -187, -185, -189, -189, -26, -115, -25, -19, -27, -24, -18, -64, -5, 9, 14, -10, -1, -498, -504, -585, -601, -605, -609, -605, -656, -671, -706, -728, -738, -784, -798, -99980, -99984, -99984, -99986, -99986, -99988, -99990, -99989, -99995, -99996, -99996, -595, -99999, -333, -337, -345, -341, -237, -306, -319, -396, -344, -341, -334, -451, -490, -578, -618, -851, -685, -882, -766, -884, -655, -664, -665, -697, -716, -738, -601, -779, -576, -836, -882, -907, -918, -99980, -99983, -99986, -99986, -99986, -99987, -99987, -658, -99988, -99989, -99989, -655, -652, -524, -517, 0, 0, 0, 0]",8.068181818181818,12.318181818181818
Pe2e4- Pe7e6- Pd2d3- Pd7d6- Pf2f4- Ph7h6- Ng1f3- Pa7a6- Bf1e2- Pb7b6- Ke1g1- Bc8b7- Nb1c3- Nb8d7- Bc1e3- Qd8e7- Qd1d2- Pg7g6- Pf4f5- Pg6f5x Pe4f5x Pe6f5x Be3h6x Ng8h6x Qd2h6x Bf8h6x Nf3d4- Bh6e3+ Kg1h1- Be3d4x Be2h5- Bd4c3x Pb2c3x Ke8c8- Ra1e1- Qe7h4- Bh5f3- Qh4h2$ ,39,checkmate,0-1,"[29, 34, 2, 42, 17, 34, 33, 52, 46, 81, 89, 72, 64, 84, 47, 110, 64, 90, 0, -10, -5, 151, -540, -353, -589, -589, -99994, -99995, -99998, -1207, -99992, -804, -946, -883, -1052, -1490, -99999, -100000]",29.0625,0.8666666666666667
Pe2e4- Pd7d6- Pd2d4- Pc7c6- Pc2c4- Nb8d7- Nb1c3- Qd8c7- Ng1f3- Pe7e5- Bf1e2- Ng8f6- Ke1g1- Bf8e7- Ph2h3- Ke8g8- Bc1e3- Rf8e8- Qd1d2- Nd7f8- Ra1d1- Nf8g6- Pd4d5- Pc6c5- Pa2a3- Pa7a6- Pb2b4- Pb7b6- Pb4c5x Pb6c5x Nc3a4- Bc8d7- Na4b6- Ra8b8- Nb6d7x Qc7d7x Rd1b1- Rb8b1x Rf1b1x Re8b8- Rb1b8$ Qd7c8- Rb8c8$ Be7f8- Rc8f8$ Ng6f8x Be3g5- Nf8g6- Qd2a5- Nf6e4x Qa5d8+ Ng6f8- Qd8d6x Ne4d6x Bg5e7- Nd6c4x Be7f8x Kg8f8x Be2c4x Pf7f6- Nf3d2- Kf8e7- Nd2e4- Ke7d7- Ne4c5$ Kd7d6- Nc5a6x ,68,invalid_move,*,"[30, 55, 53, 66, 68, 80, 85, 103, 104, 105, 107, 112, 101, 96, 87, 90, 101, 107, 94, 97, 76, 80, 82, 78, 81, 110, 115, 110, 53, 60, -156, 17, -428, 83, 73, 61, -5, 30, 29, 509, 519, 735, 733, 740, 653, 669, 605, 670, 688, 99993, 99994, 99994, 480, 479, 505, 615, 542, 551, 559, 577, 584, 571, 584, 583, 588, 647, 582]",11.625,8.225806451612904
Pd2d4- Pd7d6- Pc2c4- Pc7c6- Nb1c3- Ng8f6- Pe2e4- Pg7g6- Pf2f4- Bf8g7- Ng1f3- Ke8g8- Bf1d3- Nb8d7- Ke1g1- Pe7e5- Pf4e5x Pd6e5x Pd4d5- Pc6d5x Pc4d5x Nd7c5- Bd3c2- Bc8g4- Qd1e2- Qd8b6- Kg1h1- Ra8c8- Ph2h3- Bg4f3x Rf1f3x Nc5d7- Bc1e3- Qb6c7- Ra1f1- Pa7a6- Pa2a3- Pb7b5- Pb2b4- Nd7b6- Be3b6x Qc7b6x Rf3f6x Bg7f6x Rf1f6x Rc8c3x Rf6b6x Rc3c2x Qe2c2x Rf8c8- Qc2c8$ Kg8g7- Qc8c6- Pf7f5- Pd5d6- Pf5e4x Pd6d7- Pe4e3- Qd7d8- Pe5e4- Qd8e7+ Kg7h6- Qc6e4x Pe3e2- Qe4e2x Pa6a5- Qe2e3+ ,68,invalid_move,*,"[31, 58, 30, 63, 67, 70, 80, 91, 63, 86, 95, 97, 43, 132, 58, 58, 53, 63, 56, 54, 58, 66, 67, 58, 28, 70, 56, 51, -16, 59, 67, 96, -397, 162, 101, 96, 69, 87, -330, 282, -44, -37, -332, -330, -491, 480, 527, 664, 718, 99993, 99994, 99995, 99996, 99997, 99995, 99996, 99997, 99997, 99998, 99998, 99998, 99998, 99999, 99999, 99998, 99998, 99999]",0.875,5.708333333333333
Pd2d4- Pd7d6- Pc2c4- Pc7c6- Nb1c3- Ng8f6- Pe2e4- Pg7g6- Pf2f4- Bf8g7- Ng1f3- Ke8g8- Bf1d3- Bc8g4- Ke1g1- Nb8d7- Ph2h3- Bg4f3x Qd1f3x Pe7e5- Pf4e5x Pd6e5x Pd4d5- Pc6d5x Pc4d5x Nd7c5- Bd3c2- Nc5d7- Bc1g5- Ph7h6- Bg5h4- Pg6g5- Bh4g3- Nf6h5- Bg3h2- Nh5f4- Bh2f4x Pe5f4x Qf3g4- Nd7e5- Qg4e2- Qd8b6+ Kg1h1- Ra8c8- Ra1c1- Rc8c5- Pb2b3- Rf8c8- Nc3a4- Qb6a5- Na4c5x Rc8c5x Rc1b1- Pb7b6- Rb1c1- Rc5c2x Rc1c2x Qa5b4- Rc2c7- Qb4a3- Rc7c8+ Kg8h7- Qe2c2- Qa3b4- Qc2c7- Qb4a3- Qc7a7x Qa3a2x Qa7b6x Qa2b3x Qb6b3x Ne5c4- Qb3c4x Pf4f3- Pg2f3x Bg7e5- Qc4c6- Be5g3- Qc6f6- Bg3f4- Qf6f7$ ,82,checkmate,1-0,"[31, 50, 28, 68, 76, 68, 78, 78, 53, 85, 87, 89, 37, 57, 49, 80, 84, 89, 81, 85, 77, 80, 75, 89, 17, 96, 46, 88, 81, 113, 45, 200, 126, 327, 153, 155, -116, -73, -254, -250, -264, -268, -268, -121, -225, -51, -558, -67, -66, 120, 132, 123, -27, 409, 37, 364, 372, 368, 313, 332, 347, 349, 341, 345, 310, 357, -519, 648, 284, 681, 696, 1458, 99992, 99994, 1261, 99993, 976, 99998, 99999, 99999, 100000]",8.378378378378379,2.0833333333333335
Pe2e4- Pe7e6- Pd2d4- Pf7f5- Pe4f5x Pe6f5x Ng1f3- Ng8f6- Bf1d3- Pd7d5- Ke1g1- Bf8d6- Rf1e1+ Ke8f7- Nf3e5+ Bd6e5x Pd4e5x Nf6e4- Bd3e4x Pf5e4x Qd1h5+ Pg7g6- Qh5h6- Qd8e7- Bc1g5- Qe7e5x Bg5f6- Qe5f6x Qh6e3- Nb8c6- Nb1c3- Bc8f5- Nc3d5x Qf6b2x Nd5c7x Ra8c8- Nc7d5- Rc8e8- Nd5f6- Re8e6- Nf6d5- Rh8e8- Nd5f4- Re6e5- Nf4d5- Re5d5x Qe3b3- Qb2b3x Pa2b3x Rd5d2- Ra1a7x Re8d8- Ra7b7$ Kf7f6- Rb7b6- Rd2c2x Rb6c6$ Kf6g5- Rc6c2x Rd8d2- Rc2d2x Kg5f4- Rd2d5- Pe4e3- Rd5d4+ Kf4g5- Rd4d5- Pe3e2- Re1e2x Kg5f4- Rd5d4+ Kf4g5- Re2e5- Ph7h5- Rd4d5- Kg5h6- Rd5d6- Kh6g7- Re5e7+ Kg7h6- Re7e6- Kh6g5- Re6g6$ Kg5h4- Rd6d4+ ,86,invalid_move,*,"[29, 34, 37, 169, 169, 165, 170, 161, 167, 173, 173, 214, 204, 212, 173, 187, 176, 182, 134, 178, 184, 216, 217, 286, 225, 242, -304, -276, -460, -466, -448, -326, -337, -297, -314, -310, -400, 125, -561, -348, -332, -196, -376, -359, -532, -530, -610, -629, -610, -611, -687, -493, -486, -486, -510, -519, -580, 390, 392, 586, 614, 635, 634, 644, 639, 640, 607, 636, 645, 657, 651, 657, 648, 669, 632, 669, 681, 689, 691, 703, 641, 695, 554, 99996, 99997]",1.170731707317073,3.268292682926829
Pe2e4- Pe7e6- Pf2f4- Pd7d6- Ng1f3- Ph7h6- Pd2d4- Pa7a6- Bf1d3- Pb7b6- Ke1g1- Bc8b7- Pc2c3- Nb8d7- Bc1e3- Qd8e7- Nb1d2- Ke8c8- Pa2a4- Pg7g5- Pa4a5- Pg5f4x Be3f4x Pe6e5- Pa5b6x Pc7b6x Pd4e5x Pd6e5x Bf4g3- Ph6h5- Pb2b4- Ph5h4- Bg3f2- Ph4h3- Pg2g3- Ng8f6- Pc3c4- Nf6g4- Bf2b6x Nd7b6x Qd1b3- Nb6d7- Pc4c5- Nd7c5x Pb4c5x Qe7c5$ Kg1h1- Bf8d6- Ra1c1- ,50,invalid_move,*,"[29, 43, -12, 31, 21, 68, 64, 91, 100, 159, 158, 175, 155, 142, 79, 167, 127, 229, 233, 257, 219, 292, 315, 319, 319, 469, 246, 235, 227, 415, 283, 315, 342, 306, 290, 282, -221, 2, -315, -330, -479, -176, -180, -117, -335, -405, -404, 116, -242]",6.375,2.6666666666666665
Pe2e4- Pe7e5- Pc2c4- Pf7f5- Pe4f5x Ng8f6- Nb1c3- Pd7d5- Pc4d5x Bf8d6- Pd2d4- Pe5e4- Bc1g5- Ke8g8- Bg5f6x Qd8f6x Nc3e4x Qf6f5x Ne4d6x Pc7d6x Bf1d3- Qf5f2$ ,23,checkmate,0-1,"[29, 33, -41, 68, 77, 72, 84, 104, 111, 179, 96, 227, 115, 208, -12, -28, -111, 67, -99999, 96, -99999, -100000]",2.3333333333333335,6.333333333333333
Pd2d4- Pd7d6- Pe2e3- Pf7f6- Pc2c4- Pe7e5- Nb1c3- Pe5d4x Pe3d4x Ng8e7- Ng1f3- Ne7g6- Bf1d3- Bf8e7- Ke1g1- Ke8g8- Rf1e1- Pc7c6- Bc1e3- Pd6d5- Pc4d5x Pc6d5x Bd3g6x Ph7g6x Qd1d2- Bc8f5- Ra1d1- Nb8c6- Pa2a3- Pa7a6- Pb2b4- Pb7b5- Nc3e2- Pg6g5- Ne2g3- Bf5g6- Ng3e2- Pf6f5- Nf3e5- Nc6e5x Pd4e5x Pf5f4- Be3d4- ,44,invalid_move,*,"[31, 58, 23, 123, 71, 59, 65, 173, 168, 168, 149, 260, 232, 212, 216, 199, 204, 217, 156, 245, 243, 231, 178, 192, -2, 31, -21, -11, -32, 25, -14, 10, -87, -57, -70, 14, -184, 282, 57, 131, 108, 166, 63]",2.9047619047619047,0.7142857142857143
Pe2e4- Pe7e6- Pd2d4- Pa7a6- Ng1f3- Pb7b5- Bf1d3- Bc8b7- Ke1g1- Ph7h6- Pc2c3- Pg7g5- Ph2h3- Bf8g7- Nb1d2- Ng8e7- Rf1e1- Pd7d6- Nd2f1- Nb8d7- Nf1g3- Pc7c5- Pd4c5x Nd7c5x Bd3c2- Qd8b6- Pb2b4- Nc5d7- Bc1e3- Qb6c7- Qd1d2- Pe6e5- Ra1d1- Ne7g6- Ng3f5- Bg7f6- Nf5d6$ Ke8e7- Nd6b7x Qc7b7x Be3c5+ Nd7c5x Pb4c5x Ra8d8- Qd2e3- Rd8d1x Re1d1x Rh8d8- Rd1d8x Ke7d8x Qe3d3+ Kd8c7- Qd3d5- Qb7d5x Pe4d5x Ng6f4- Nf3d2- Nf4d5x Nd2e4- Bf6e7- Pc3c4- Nd5f4- Pc4b5x Pa6b5x Ne4c3- Nf4d3- Bc2d3x Kc7c6- Bd3b5$ Kc6c5x Nc3e4+ Kc5b5x Ne4c3+ Kb5c4- Nc3e2- Pf7f5- Ne2g3- Pf5f4- Ng3e4- Pg5g4- Ph3g4x Ph6h5- Pg4h5x Be7h4- Pg2g3- Bh4e7- Pg3f4x Pe5f4x Ne4d2+ Kc4d3- Nd2f3- Kd3e2- Nf3d4+ Ke2d3- Nd4f5- Be7f6- Nf5d6- Kd3c3- Nd6e4+ Kc3b2- Ne4f6x Kb2a2x Ph5h6- Ka2b3- Ph6h7- Kb3c4- Qh7h8- Kc4d3- Qh8d8+ Kd3e2- Qd8d2+ Ke2f3- Qd2f4$ Kf3e2- Qf4e3+ Ke2d1- Qe3d2+ ,118,invalid_move,*,"[29, 51, 50, 60, 67, 108, 88, 85, 92, 142, 116, 216, 164, 187, 175, 200, 182, 183, 187, 182, 187, 198, 153, 138, 142, 192, 134, 145, 134, 142, -131, 272, 270, 268, 278, 485, 495, 469, 407, 389, 321, 377, 165, 186, 185, 222, 228, 240, 251, 251, 156, 519, 64, 31, 32, 46, -5, -4, -18, -6, -207, 1, 0, 0, -30, 461, 473, 487, 480, 478, 22, 32, 5, 5, 2, 2, 0, 0, 0, 102, 125, 432, 457, 593, 511, 505, 458, 493, 423, 391, 389, 466, 452, 464, 454, 468, 424, 656, 667, 723, 807, 99982, 99986, 99987, 99988, 99988, 99989, 99992, 99993, 99996, 809, 99999, 680, 99996, 99997, 99997, 910]",2.730769230769231,4.313725490196078
Pe2e4- Pc7c5- Pf2f4- Pd7d6- Ng1f3- Nb8c6- Pd2d4- Pc5d4x Nf3d4x Ng8f6- Nb1c3- Pg7g6- Bf1b5- Bf8g7- Ke1g1- Ke8g8- Bc1e3- Bc8d7- Bb5c6x Bd7c6x Pe4e5- Pd6e5x Pf4e5x Nf6d5- Nc3d5x Bc6d5x Pc2c3- Pe7e6- Qd1d2- Qd8b6- Be3h6- Rf8c8- Bh6g7x Kg8g7x Ra1e1- Rc8c7- Ph2h4- Ra8c8- Ph4h5- Pa7a6- Ph5g6x Ph7g6x Qd2h6+ Kg7g8- Qh6h8+ Kg8h8x Rf1f6- Qb6b2x Re1f1- Qb2c3x Rf6f7x Qc3d4$ Kg1h1- Qd4e5x Rf7f8+ Rc8f8x Rf1f8$ Kh8g7- Rf8f1- Qe5h5+ Kh1g1- Qh5e2- Rf1f2- Qe2e1+ Rf2f1- Qe1e3+ Kg1h1- Rc7c1- Rf1c1x Qe3c1$ Kh1h2- Qc1f4+ Kh2g1- Qf4c1+ Kg1f2- Qc1f4+ Kf2g1- Qf4e3+ Kg1h2- Qe3f4+ Kh2g1- Qf4e3+ Kg1h2- Qe3f4+ Kh2g1- Qf4e3+ Kg1h2- Qe3f4+ Kh2g1- ,90,fivefold_repetition,1/2-1/2,"[29, 46, -4, 11, 16, 14, 3, 16, 12, 16, 17, 14, -12, 197, -38, -35, -453, -28, -92, -8, -33, -28, -94, -94, -139, -108, -210, -38, -173, 253, -230, 181, 175, 195, 144, 127, 110, 169, 160, 183, 126, 195, -532, 258, -533, -544, -643, -681, -99999, -732, -99994, -99995, -99996, -99995, -99995, -99996, -99996, -99997, -99997, -99996, -99996, -99996, -99996, -99997, -99997, -99996, -99998, -99997, -99998, -99997, -99997, -99996, -99996, -99996, -99996, -99995, -99996, -99997, -99997, 0, -99996, -99997, -99997, 0, -99996, 0, -99997, 0, -99996]",2.730769230769231,0.23076923076923078
Pe2e4- Pe7e6- Pd2d4- Pf7f5- Pe4f5x Pe6f5x Ng1f3- Ng8f6- Bf1d3- Pd7d5- Ke1g1- Bf8d6- Rf1e1+ Ke8f7- Nf3e5+ Bd6e5x Pd4e5x Nf6e4- Bd3e4x Pf5e4x Qd1h5+ Pg7g6- Qh5h6- Qd8e7- Bc1g5- Qe7e5x Bg5f6- Qe5f6x Qh6e3- Nb8c6- Nb1c3- Bc8f5- Nc3d5x Qf6b2x Nd5c7x Ra8c8- Nc7d5- Rc8e8- Nd5f6- Re8e6- Nf6d5- Rh8e8- Nd5f4- Re6e5- Qe3b3+ Kf7g7- Nf4d5- Qb2d4- Ra1d1- Qd4c5- Qb3c3- Qc5f2$ Kg1h1- Qf2h4- Pg2g3- Qh4h3- Qc3e5$ Re8e5x Nd5f4- Qh3h6- Nf4g2- ,62,invalid_move,*,"[30, 37, 35, 170, 164, 170, 163, 165, 167, 184, 173, 220, 216, 212, 170, 210, 189, 191, 117, 196, 192, 219, 234, 286, 248, 260, -304, -253, -435, -447, -454, -319, -319, -279, -323, -302, -372, 75, -559, -345, -334, -217, -379, -345, -488, 533, -591, -267, -297, -309, -492, 483, -426, -378, -414, -313, -626, -585, -637, -583, -653]",0.9333333333333333,0.9333333333333333
Pe2e4- Pe7e6- Pd2d4- Pc7c5- Pd4d5- Pe6d5x Pe4d5x Pd7d6- Ng1f3- Ng8f6- Bf1c4- Bf8e7- Ke1g1- Ke8g8- Rf1e1- Pa7a6- Pa2a4- Pb7b5- Pa4b5x Pa6b5x Ra1a8x Pb5c4x Ra8a1- Nb8d7- Pc2c3- Nd7b6- Pb2b3- Pc4b3x Qd1b3x Bc8b7- Bc1g5- Ph7h6- Bg5h4- Nf6d5x Bh4e7x Qd8e7x Nb1d2- Nd5f4- Nd2c4- Nb6c4x Qb3c4x Bb7f3x Pg2f3x Qe7g5+ Kg1f1- Qg5g2+ ,47,checkmate,0-1,"[29, 34, 40, 69, 72, 94, 98, 92, 98, 108, 65, 47, 44, 55, 61, 71, 74, 233, 252, 490, 488, 480, 263, 282, 183, 193, 129, 132, 77, 325, 66, 182, 75, 176, 132, 418, 129, 566, 0, 364, -58, 409, -99998, -99999, -99999, -100000]",1.5238095238095237,2.35
Pd2d4- Pd7d6- Pc2c4- Pe7e6- Nb1c3- Pc7c6- Pe2e4- Pf7f6- Pf2f4- Pg7g6- Ng1f3- Bf8g7- Bf1d3- Ng8e7- Ke1g1- Ke8g8- Pe4e5- Pf6f5- Pe5d6x Qd8d6x Nf3e5- Nb8d7- Ne5d7x Bc8d7x Pd4d5- Pc6d5x Pc4d5x Pe6d5x Nc3d5x Ne7d5x Bd3c4- Bd7c6- Bc4d5$ Bc6d5x Qd1d5$ Qd6d5x Bc1e3- Qd5g2$ Kg1g2x Ra8d8- Ra1d1- Rd8d1x Rf1d1x Rf8e8- Rd1d7- Re8e3x Rd7b7x Re3e2+ Kg2f3- Re2b2x Rb7a7x Rb2a2x Ra7a2x Ph7h5- Ra2d2- Kg8h7- Rd2d7- Kh7h6- Rd7d6- Kh6h7- Rd6d7- Kh7h6- Rd7d6- Kh6h7- Rd6d7- Kh7h6- Rd7d6- Kh6h7- Rd6d7- Kh7h6- Rd7d6- Kh6h7- Rd6d7- ,74,fivefold_repetition,1/2-1/2,"[31, 54, 45, 67, 66, 108, 112, 173, 157, 172, 175, 171, 151, 169, 161, 150, 107, 193, 123, 146, -61, 100, -138, -87, -186, -194, -189, -164, -511, -490, -573, -457, -517, -501, -608, -614, -614, -219, -207, -94, -150, -109, -80, -47, -467, -468, -443, -431, -435, -455, -472, 6, 0, 3, 0, 3, 11, 3, 0, 0, 2, 0, 0, 0, 0, 0, 0, 0, 0, 9, 0, 1, 0]",1.6666666666666667,2.4444444444444446
Pe2e4- Pc7c5- Pc2c3- Pd7d6- Pd2d4- Pc5d4x Pc3d4x Nb8c6- Ng1f3- Pg7g6- Bf1d3- Bf8g7- Ke1g1- Ng8f6- Rf1e1- Ke8g8- Nb1c3- Bc8g4- Bc1e3- Pa7a6- Ph2h3- Bg4f3x Qd1f3x Ra8c8- Ra1c1- Nc6b4- Bd3b1- Nb4c6- Pd4d5- Nc6e5- Qf3e2- Ne5d7- Pf2f4- Nd7c5- Be3c5x Rc8c5x Pe4e5- Pd6e5x Pf4e5x Nf6d7- Pe5e6- Pf7e6x Pd5e6x Nd7f6- Nc3e4- Rc5c1x Re1c1x Nf6e4x Qe2e4x Qd8b6+ Kg1h1- Rf8f1+ Rc1f1x Qb6e6x Qe4e6$ Kg8h8- Qe6f7- Bg7f6- Qf7f8+ ,60,checkmate,1-0,"[29, 30, 29, 40, 58, 88, 80, 127, 104, 105, 50, 75, 12, 84, 12, 76, 0, 0, -54, 29, -14, 3, 0, 51, 5, 86, 75, 78, -2, -8, -2, 64, 66, 82, -99, -89, -225, -194, -265, -33, -29, 38, -119, -130, -171, -182, -169, -145, -458, -290, -277, 470, 486, 99997, 99998, 99998, 99998, 99999, 100000]",1.0769230769230769,2.769230769230769
Pe2e4- Pe7e6- Pf2f4- Pf7f5- Pe4e5- Pd7d6- Ng1f3- Pd6e5x Pf4e5x Nb8c6- Pd2d4- Bf8e7- Bf1b5- Bc8d7- Ke1g1- Pa7a6- Bb5c6x Bd7c6x Pc2c3- Ng8h6- Bc1h6x Pg7h6x Nb1d2- Qd8d5- Qd1e2- Ke8c8- Nd2c4- Pb7b5- Nc4e3- Qd5e4- Qe2f2- Rd8g8- Pa2a4- Pb5b4- Pc3b4x Be7b4x Ra1c1- Bc6a4x Ne3c4- Ba4b5- Nc4a5- Bb4a5x Rc1c5- Ba5b6- Rc5b5x Pa6b5x Qf2c2- Qe4c2x Nf3e1- Qc2g2$ Ne1g2x Rg8g2$ Kg1h1- Rg2b2x Rf1g1- Rh8g8- Rg1g8$ Kc8b7- Rg8g7- Rb2h2$ Kh1g1- Rh2g2+ Kg1f1- Rg2g7x Kf1e2- Rg7g2+ Ke2f3- Rg2c2- Kf3f4- Rc2c4- Kf4f3- Rc4d4x Kf3e3- Rd4c4+ Ke3d3- Rc4g4- ,77,invalid_move,*,"[30, 46, -13, 32, 31, 44, 42, 32, 31, 107, 106, 125, 126, 129, 35, 150, -13, 5, -66, -66, -71, -58, -58, -47, -62, -67, -126, 53, 57, 69, -141, -103, -116, -45, -76, -30, -20, 62, -163, 68, -371, -360, -405, -433, -451, -461, -866, -894, -99995, -666, -647, -573, -751, -791, -885, -574, -585, -587, -599, -464, -655, -420, -838, -904, -99990, -99986, -99992, -1149, -99995, -99993, -99993, -99994, -99994, -99992, -99992, -99992]",38.4375,32.193548387096776
Pd2d4- Pd7d6- Pc2c4- Pg7g6- Nb1c3- Bf8g7- Pe2e4- Ng8f6- Pf2f4- Ke8g8- Ng1f3- Pc7c5- Pd4d5- Pa7a6- Bf1d3- Pb7b5- Pc4b5x Pa6b5x Nc3b5x Bc8a6- Nb5c3- Nb8d7- Ke1g1- Nd7b6- Pa2a4- Nb6d7- Bc1e3- Nd7b6- Pa4a5- Nb6d7- Ra1b1- Nd7b8- Pb2b4- Pc5b4x Nc3a4- Ba6d3x Qd1d3x Nb8d7- Na4b6- Nd7b6x Pa5b6x Qd8b6x Rb1b4x Qb6b4x Qd3c2- Qb4b6- Rf1b1- Qb6e3$ Qc2f2- Qe3f2$ Kg1f2x Rf8b8- Rb1b8$ Ra8b8x Kf2e3- Nf6d7- Pg2g4- Nd7c5- Ph2h4- Nc5d7- Ph4h5- Pe7e6- Ph5g6x Ph7g6x Pd5e6x Pf7e6x Pf4f5- Pe6f5x Pg4f5x Pg6f5x Pe4f5x Nd7e5- Nf3e5x Bg7e5x Ke3e4- Rb8b4+ Ke4d5- Rb4f4- Kd5e6- Rf4f5x Ke6f5x Pd6d5- Kf5e5x Pd5d4- Ke5d4x ,86,insufficient_material,1/2-1/2,"[31, 58, 39, 51, 45, 48, 53, 60, 38, 37, 29, 28, 32, 70, 56, 49, -53, -30, -33, -55, -27, 58, 14, 86, 100, 187, -52, 156, 75, 89, -42, 64, -171, 98, -44, -20, -19, -16, -12, 198, -78, 450, -504, -520, -568, 296, -703, -700, -701, -662, -670, -636, -634, -633, -625, -613, -606, -600, -624, -605, -600, -546, -539, -543, -533, -544, -563, -548, -553, -499, -512, -501, -750, -880, -99977, -99985, -99988, -99981, -99984, -832, -832, 0, 0, 0, 0]",4.8,25.0
Pe2e4- Pd7d6- Pd2d4- Pf7f6- Ng1f3- Pe7e5- Pd4e5x Pf6e5x Bf1c4- Ng8f6- Nb1c3- Bf8e7- Bc1g5- ,14,invalid_move,*,"[29, 55, 56, 160, 165, 176, 41, 143, 119, 136, 102, 271, 49]",0.0,1.0
Pe2e4- Pc7c5- Pd2d3- Pd7d6- Ng1f3- Nb8c6- Bf1e2- Pg7g6- Ke1g1- Bf8g7- Pc2c3- Ng8f6- Bc1g5- Ke8g8- Nb1d2- Ph7h6- Bg5h4- Pg6g5- Bh4g3- Nf6h5- Bg3d6x Pe7d6x Pd3d4- Pc5d4x Pc3d4x Nh5f4- Be2c4- Nf4g6- Pd4d5- Nc6e5- Nf3e5x Ng6e5x Bc4b3- Pf7f5- Pf2f4- Pg5f4x Rf1f4x Pf5e4x Nd2e4x Ne5g6- Rf4f8$ Qd8f8x Qd1e2- Bc8f5- Ra1f1- Bf5e4x Qe2e4x Ra8e8- Qe4g6x Re8e1- Rf1e1x Qf8f2+ Kg1h1- Qf2e1$ ,55,checkmate,0-1,"[30, 33, 4, 0, -1, -5, 8, 9, -12, -16, -9, 24, -34, -27, -28, -29, -25, -21, -32, -40, -358, -359, -455, -421, -477, -453, -473, -441, -452, -446, -458, -440, -503, -437, -463, -473, -425, -425, -589, -374, -355, -365, -406, -263, -267, 338, -354, 504, 535, 981, 1082, 99997, -99999, -100000]",1.68,8.92
Pe2e4- Pe7e6- Pf2f4- Pc7c5- Ng1f3- Nb8c6- Pd2d4- Pc5d4x Nf3d4x Ng8f6- Nb1c3- Bf8c5- Bc1e3- Bc5d4x Be3d4x Ke8g8- Bf1d3- Pd7d5- Pe4e5- Nf6d7- Ke1g1- Pf7f6- Pe5f6x Nd7f6x Qd1e2- Qd8b6- Bd4b6x Pa7b6x Pf4f5- Pe6e5- Nc3d5x Nf6d5x Qe2e5x Nc6e5x Bd3e4- Nd5f4- Pg2g3- Nf4h3+ Kg1g2- Nh3g5- Be4d5+ Kg8h8- Pf5f6- Pg7f6x Rf1f6x Rf8f6x Bd5e4- Bc8e6- Ra1f1- Ra8f8- Rf1f6x Rf8f6x Be4b7x Rf6f2+ Kg2g1- Rf2c2x Bb7e4- Rc2b2x Pa2a4- Rb2a2- Pa4a5- Pb6a5x Be4b7- Ra2a1+ Kg1g2- Ra1b1- Bb7e4- Rb1b2+ ,69,invalid_move,*,"[33, 50, -13, 0, -4, -8, -42, -14, -7, 30, -19, 79, -51, 146, 146, 158, -272, 64, -133, 87, -307, 112, -188, 98, -469, 530, 535, 533, 484, 489, 486, 503, -493, -489, -492, -227, -444, -454, -429, -451, -445, -461, -570, -567, -716, -710, -99995, -822, -99998, -848, -99993, -99994, -99998, -417, -99997, -99996, -99997, -99996, -99997, -99996, -99997, -99996, -99997, -728, -99996, -796, -99996, -99997]",15.64,18.96
Pd2d4- Pd7d5- Pc2c4- Pf7f5- Nb1c3- Pe7e6- Pe2e3- Ng8f6- Ng1f3- Pc7c6- Bf1e2- Bf8d6- Ke1g1- Ke8g8- Pc4d5x Pe6d5x Pa2a3- Nf6e4- Nf3e5- Nb8d7- Ne5d7x Bc8d7x Pf2f3- Ne4c3x Pb2c3x Qd8h4- Pe3e4- Pf5e4x Pf3e4x Pd5e4x Be2c4+ Kg8h8- Qd1e2- Bd7g4- Qe2e4x Bg4f5- Qe4h4x Bf5d3- Bc4d3x Rf8f1$ Kg1f1x Ra8f8+ Kf1g1- Ph7h6- Bc1e3- Bd6e7- Qh4e7x Rf8g8- Qe7b7x Pg7g5- Qb7c6x Ph6h5- Qc6f6+ Rg8g7- Qf6f8+ Rg7g8- Qf8h6+ ,58,checkmate,1-0,"[31, 32, 33, 163, 95, 110, 35, 38, 28, 30, 33, 45, 26, 48, 16, 10, -28, 12, 11, 16, -100, -94, -82, -43, -48, -28, -99997, -277, -99999, -360, -385, -398, -99999, -601, -99999, 546, 549, 926, 995, 99982, 99985, 99985, 99989, 99992, 846, 99994, 99995, 99996, 99996, 99999, 99997, 99999, 99998, 99998, 99999, 99999, 100000]",13.944444444444445,5.176470588235294
Pd2d4- Pd7d5- Pc2c4- Pc7c6- Nb1c3- Ng8f6- Pe2e3- Pe7e6- Ng1f3- Bf8e7- Bf1e2- Ke8g8- Ke1g1- Nb8d7- Pb2b3- Pb7b6- Bc1b2- Bc8b7- Ra1c1- Ra8c8- Pa2a3- Pc6c5- Pd4c5x Pb6c5x Nc3b5- Pa7a6- Nb5c3- Pd5d4- Pe3d4x Pc5d4x Nc3a4- Pe6e5- Nf3e5x Nd7e5x Bb2d4x Ne5c6- Bd4f6x Be7f6x Be2f3- Rf8e8- Rf1e1- Re8e1$ Qd1e1x Qd8d7- Qe1d1- Qd7c7- Qd1c2- Nc6d4- Qc2d3- Nd4f3$ Pg2f3x Qc7f4- Rc1e1- Qf4f3x Re1e3- Qf3g4+ Kg1f1- Bf6h4- Re3e8+ Rc8e8x Qd3d8- Qg4d1+ ,63,invalid_move,*,"[31, 27, 30, 35, 39, 39, 29, 36, 34, 37, 31, 27, 25, 25, 25, 24, 27, 24, 19, 16, 5, 9, -1, -7, -26, -9, -18, 97, 84, 150, -101, -100, -233, -237, -305, -244, -271, -273, -336, -206, -260, -248, -239, 103, -360, -291, -458, -465, -511, -482, -480, -459, -654, -408, -99999, -496, -502, -528, -99996, -99997, -99999, 258]",1.3793103448275863,0.75
Pd2d4- Pd7d5- Pc2c4- Pc7c6- Nb1c3- Pe7e6- Pe2e4- Ng8f6- Pe4e5- Nf6d7- Pf2f4- Pf7f6- Ng1f3- Pf6e5x Pf4e5x Bf8e7- Bf1d3- Ke8g8- Ke1g1- Pb7b6- Pc4d5x Pc6d5x Bc1e3- Bc8b7- Qd1d2- Nb8c6- Ra1c1- Ra8c8- Pa2a3- Nc6a5- Pb2b4- Na5c4- Bd3c4x Rc8c4x Nc3e2- Qd8c8- Ne2g3- Rf8f7- Rf1f2- Rf7f8- Rc1f1- Rf8f7- Ng3h5- Nd7f8- Nh5f4- Rf7f4x Be3f4x Rc4c2- Qd2e3- Nf8g6- Bf4g3- Ng6f4- Bg3f4x Rc2f2x Rf1f2x Qc8c4- Qe3d2- Qc4b3- Qd2e2- Qb3a3x Qe2b5- Qa3a1+ Rf2f1- Qa1d4$ Kg1h1- Qd4e4- Qb5e8+ Be7f8- Qe8e6$ Kg8h8- Qe6e8- ,72,invalid_move,*,"[31, 33, 35, 32, 35, 37, 54, 111, 98, 133, 90, 154, 151, 226, 248, 239, 232, 276, 247, 298, 308, 309, 221, 337, 224, 280, 228, 256, 208, 220, 47, 111, 37, 97, 51, 158, 40, 60, -18, 61, 60, 267, 83, 323, -8, 338, 317, 551, 245, 290, 177, 444, 441, 470, 468, 478, 478, 485, 473, 482, 548, 567, 575, 958, 503, 602, 635, 99985, 99991, 99992, 545]",3.0,4.878787878787879
Pe2e4- Pd7d6- Pd2d3- Pc7c6- Nb1c3- Nb8d7- Ng1f3- Pe7e5- Bc1e3- Ng8f6- Bf1e2- Bf8e7- Ke1g1- Ke8g8- Ph2h3- Ph7h6- Pa2a3- Nf6h7- Nf3h2- Nd7f6- Pf2f4- Pe5f4x Be3f4x Nf6d7- Bf4e3- Nd7e5- Nh2g4- Ne5g4x Be2g4x Nh7f6- Bg4c8x Qd8c8x Qd1f3- Qc8c7- Be3f4- Qc7d7- Bf4h6x Pg7h6x Qf3g3+ Kg8h7- Rf1f6x Be7f6x Ra1f1- Bf6g7- Nc3e2- Rf8g8- Ne2f4- Qd7e7- Nf4h5- Qe7g5- Qg3d6x Qg5h5x Qd6d7- Qh5g5- Qd7f7x Ra8f8- Qf7b7x Rf8f1$ Kg1f1x Qg5c1+ Kf1f2- Qc1c2$ Kf2g3- Qc2d3$ Kg3h2- Qd3e4x Qb7g7$ Kh7g7x Pg2g3- Qe4e2+ Kh2g1- Rg8f8- Ph3h4- Rf8f1+ ,75,checkmate,0-1,"[33, 55, -1, 32, 29, 38, 17, 16, 7, 11, -2, 1, -1, 6, -29, -5, -26, 41, 6, 26, 16, 14, 7, 73, 27, 57, -7, 2, 0, 58, 53, 46, 44, 50, 59, 47, -258, -250, -311, -268, -420, -413, -432, -393, -421, -384, -558, -424, -526, -411, -99998, -544, -555, -575, -658, -724, -99994, -99992, -99993, -99995, -99996, -725, -99993, -879, -99992, -790, -99995, -99996, -99997, -99998, -99998, -99999, -99999, -100000]",4.0344827586206895,0.32142857142857145
Pe2e4- Pe7e6- Pd2d4- Pc7c5- Pd4d5- Pe6d5x Pe4d5x Pd7d6- Ng1f3- Ng8f6- Bf1c4- Bf8e7- Ke1g1- Ke8g8- Rf1e1- Pa7a6- Pa2a4- Pb7b5- Pa4b5x Pa6b5x Ra1a8x Pb5c4x Ra8a1- Nb8d7- Pc2c3- Nd7b6- Pb2b3- Pc4b3x Qd1b3x Bc8b7- Bc1g5- Ph7h6- Bg5h4- Qd8d7- Nb1d2- Rf8a8- Ra1a8$ Bb7a8x Re1a1- Ba8d5x Qb3c2- Bd5f3x Nd2f3x Nb6d5- Bh4g3- Nd5c3x Qc2c3x Qd7b7- Ra1e1- Nf6e4- Qc3e3- Ne4g3x Ph2g3x Be7f6- Nf3h4- Bf6d4- Qe3e8+ Kg8h7- Qe8e4+ Pg7g6- Nh4f3- Bd4g7- Nf3h4- Qb7b2- Nh4f3- Qb2f2$ Kg1h2- Qf2g3$ Kh2h1- Qg3f2- Qe4e7- Qf2g3- Qe7f7x Qg3h4+ Nf3h4x ,76,invalid_move,*,"[29, 34, 40, 64, 58, 101, 101, 103, 88, 95, 53, 63, 55, 60, 52, 68, 73, 235, 216, 525, 508, 488, 244, 278, 188, 192, 116, 134, 90, 336, 61, 182, 76, 337, 269, 381, 381, 489, 356, 423, 101, 158, 175, 235, 194, 435, 418, 430, 410, 408, 391, 472, 456, 461, 429, 449, 456, 457, 434, 99993, 444, 99994, 417, 444, 446, 687, 403, 658, 227, 402, 357, 537, 545, 99997, 99998]",0.6285714285714286,1.2857142857142858
Pd2d4- Pd7d5- Pc2c4- Pc7c6- Nb1c3- Pe7e6- Pe2e4- Ng8f6- Pe4e5- Nf6d7- Pf2f4- Pf7f6- Ng1f3- Pf6e5x Pf4e5x Bf8e7- Bf1d3- Ke8g8- Ke1g1- Pb7b6- Pc4d5x Pc6d5x Bc1e3- Bc8b7- Qd1d2- Nb8c6- Ra1c1- Ra8c8- Pa2a3- Nc6a5- Pb2b4- Na5c4- Bd3c4x Rc8c4x Nc3e2- Qd8c8- Ne2g3- Rf8f7- Rf1f2- Rf7f8- Rc1f1- Rc4c2- Qd2d3- Rc2f2x Rf1f2x Rf8f3x Pg2f3x Qc8f8- Rf2g2- Qf8f3x Qd3d2- Qf3e4- Qd2f2- Be7h4- Qf2f3- Qe4f3x Rg2f2- Qf3f2$ Kg1h1- Qf2f3+ Kh1g1- ,62,invalid_move,*,"[31, 29, 32, 39, 37, 42, 49, 108, 88, 126, 92, 146, 153, 226, 235, 245, 208, 310, 225, 314, 293, 293, 236, 328, 237, 250, 219, 266, 206, 218, 43, 100, 43, 85, 64, 125, 43, 65, -21, 77, 45, 476, -47, 44, 25, 302, 272, 330, 295, 376, 146, 570, 173, 462, -638, -687, -789, -516, -99993, -99993, -99995]",1.7586206896551724,0.9285714285714286
Pd2d4- Pd7d6- Pe2e3- Pc7c6- Ng1f3- Nb8d7- Bf1d3- Qd8c7- Ke1g1- Pe7e5- Pc2c3- Ng8f6- Nb1d2- Bf8e7- Pe3e4- Ke8g8- Rf1e1- Rf8e8- Nd2f1- Nd7f8- Nf1g3- Nf8g6- Ph2h4- Ph7h6- Ph4h5- Ng6f8- Pd4e5x Pd6e5x Bc1e3- Bc8g4- Qd1d2- Ra8d8- Bd3e2- Bg4f3x Be2f3x Nf8e6- Ra1d1- Rd8d2x Rd1d2x Re8d8- Re1d1- Rd8d2x Rd1d2x Qc7b6- Rd2d1- Ne6c5- Be3c5x Be7c5x Ng3f5- Bc5f2$ Kg1h2- Bf2c5- Nf5e7+ Bc5e7x Rd1d7- Qb6e3- Rd7e7x Qe3f4+ Kh2g1- Qf4e3+ Kg1h2- Qe3f4+ Kh2g1- Qf4e3+ Kg1h2- Qe3f4+ Kh2g1- Qf4e3+ Kg1h2- Qe3f4+ Kh2g1- Qf4e3+ Kg1h2- ,74,fivefold_repetition,1/2-1/2,"[31, 58, 32, 27, 39, 55, 25, 56, 50, 59, 34, 34, 34, 32, 30, 36, 36, 36, 40, 50, 54, 54, -96, -15, -53, 20, -34, -45, -100, -106, -183, -96, -454, -393, -426, -24, -382, -383, -384, -376, -401, -401, -400, 310, -418, -244, -450, -458, -513, -477, -522, -444, -632, -642, -99992, -523, -543, -543, -547, -548, -547, -557, -557, 0, -468, 0, -564, 0, -503, 0, -564, 0, -511]",74.36111111111111,79.88571428571429
Pe2e4- Pe7e6- Pf2f4- Pc7c5- Ng1f3- Nb8c6- Pd2d3- Pd7d5- Pe4e5- Pd5d4- Bf1e2- Ng8e7- Ke1g1- Ne7g6- Nb1d2- Bf8e7- Nd2e4- Ke8g8- Ne4d6- Be7d6x Pe5d6x Qd8d6x Nf3e5- Nc6e5x Pf4e5x Qd6e5x Be2f3- Ng6h4- Bf3e4- Pf7f5- Be4f3- Nh4f3$ Qd1f3x Pb7b6- Bc1f4- Qe5f6- Bf4e5- Qf6g6- Ra1e1- Bc8b7- Qf3g3- Qg6g3x Be5g3x Ra8e8- Re1e5- Pg7g6- Rf1e1- Re8e7- Re5e6x Rf8e8- Re6e7x Re8e7x Re1e7x Kg8f8- Re7b7x Kf8e8- Rb7a7x Ke8d8- Ra7h7x Kd8c8- Rh7g7- ,62,invalid_move,*,"[29, 46, -7, -8, -10, -6, -1, 2, -55, 7, -19, 23, 9, 64, -16, 44, -14, 31, -182, -173, -189, -192, -245, -247, -248, -241, -252, -182, -209, -184, -272, -261, -255, 309, -56, 404, -203, 422, -152, 404, -236, -233, -223, -213, -289, -201, -253, -92, -107, 500, 526, 535, 535, 599, 632, 633, 644, 662, 697, 751, 736]",0.2,4.2
Pd2d4- Pd7d5- Pc2c3- Pf7f5- Ng1f3- Ng8f6- Bc1g5- Pe7e6- Pe2e3- Bf8e7- Bf1d3- Ke8g8- Nb1d2- Pc7c6- Qd1c2- Nb8d7- Ph2h4- Nf6e4- Nd2e4x Pf5e4x Bd3e2- Pe4f3x Be2f3x Nd7f6- Ke1c1- Nf6e4- Bf3e4x Pd5e4x Pf2f3- Pe4f3x Pg2f3x Be7g5x Ph4g5x Qd8g5x Rd1g1- Qg5e3$ Kc1b1- Pe6e5- Rg1g2- Pe5d4x Pc3d4x Bc8f5- ,43,invalid_move,*,"[31, 37, 11, 63, 65, 68, 42, 58, 53, 60, 43, 39, 24, 42, 35, 28, 19, 35, -220, -217, -236, -252, -379, -332, -335, -284, -289, -281, -290, -305, -311, -226, -194, -70, -277, -302, -329, 500, -622, 298, -640, -662]",4.238095238095238,1.7
Pe2e4- Pe7e5- Pf2f4- Pf7f6- Ng1f3- Pd7d6- Pf4e5x Pd6e5x Bf1c4- Nb8c6- Ke1g1- Bc8g4- Pd2d3- Ng8e7- Ph2h3- Bg4h5- Pg2g4- Bh5g6- Nf3h4- Bg6f7- Nh4f5- Ne7f5x Pg4f5x Bf7c4x Pd3c4x Bf8c5+ Kg1h1- Qd8e7- Nb1c3- ,30,invalid_move,*,"[29, 32, -45, 142, 107, 168, 75, 88, 86, 91, 39, 66, 56, 69, 45, 87, -41, -43, -78, 158, -193, 41, -191, -193, -200, -143, -160, -7, -3]",0.2857142857142857,0.2857142857142857
Pe2e4- Pe7e6- Pd2d4- Pf7f5- Pe4f5x Pe6f5x Ng1f3- Ng8f6- Bf1d3- Pd7d5- Ke1g1- Bf8d6- Rf1e1+ Ke8f7- Nf3e5+ Bd6e5x Pd4e5x Nf6e4- Bd3e4x Pf5e4x Qd1h5+ Pg7g6- Qh5h6- Qd8e7- Bc1g5- Qe7e5x Bg5f6- Qe5f6x Qh6e3- Nb8c6- Nb1c3- Bc8f5- Nc3d5x Qf6b2x Nd5c7x Ra8c8- Nc7d5- Rc8d8- Nd5f4- Rd8d2- Nf4d5- Rh8d8- Nd5f6- Rd2c2x Nf6e4x Bf5e4x Qe3e4x Rd8d2- Qe4f3+ Kf7g7- Qf3e3- Rd2f2x Qe3f2x ,54,invalid_move,*,"[33, 38, 40, 166, 170, 174, 160, 157, 158, 190, 173, 207, 215, 248, 190, 187, 185, 175, 109, 171, 192, 218, 234, 303, 237, 231, -283, -278, -452, -467, -440, -328, -305, -294, -315, -301, -400, -283, -406, 325, -477, 316, -602, -316, -349, -340, -339, 0, -498, -346, -99992, -99993, -99995]",1.48,4.291666666666667
Pe2e4- Pd7d6- Pd2d4- Pf7f5- Pe4f5x Bc8f5x Ng1f3- Ng8f6- Bf1d3- Bf5d3x Qd1d3x Pg7g6- Ke1g1- Bf8g7- Pc2c3- Ke8g8- Bc1g5- Nb8d7- Nb1d2- Pc7c6- Ra1e1- Pe7e5- Pd4e5x Pd6e5x Nd2e4- Qd8c7- Ne4f6$ Nd7f6x Bg5f6x Rf8f6x Nf3e5x Ra8f8- Ne5g4- Rf6f5- Ng4e3- Rf5g5- Pg2g3- Bg7e5- Ne3g4- Be5d6- Ng4h6+ Kg8g7- Nh6g4- Rf8f5- Ph2h4- Rg5g4x Qd3d6x Qc7d6x Re1e7+ Kg7h6- Re7b7x Qd6d2- Rb7a7x Qd2b2x Ra7a6- Qb2c3x Ra6c6x Qc3d4- Rc6e6- Rf5f3- Re6e4- Qd4e4x Pa2a4- Qe4e2- Pa4a5- Rf3f2x Pa5a6- Rf2f1$ ,69,checkmate,0-1,"[29, 57, 55, 130, 99, 106, 103, 91, 84, 102, 101, 197, 146, 198, 79, 120, 86, 121, 121, 119, 116, 146, 137, 198, 143, 144, 141, 198, 118, 194, 193, 461, 112, 163, 144, 164, 159, 220, 1, 456, -74, -60, -105, 491, -286, -273, -576, -642, -99994, -691, -99995, -870, -99995, -789, -99996, -99995, -99995, -99986, -99998, -99990, -99996, -99996, -99997, -99997, -99997, -99997, -99999, -100000]",10.36,3.24
Pe2e4- Pe7e5- Pd2d4- Pf7f6- Pd4e5x Pf6e5x Ng1f3- Nb8c6- Bf1c4- Ng8f6- Nb1c3- Bf8c5- Bc1g5- Pd7d6- Bg5f6x Qd8f6x Ke1g1- Bc8g4- Ph2h3- Bg4f3x Qd1f3x Qf6f3x Pg2f3x Ke8c8- Nc3d5- Nc6d4- Nd5e7+ Kc8b8- Ne7d5- Pc7c6- Nd5c3- Pd6d5- Pe4d5x Pc6d5x Bc4d5x Nd4f3$ Kg1g2- Nf3h4+ Kg2g3- Nh4f5+ Kg3g4- Nf5d4- Ra1d1- Ph7h5+ Kg4g5- Rh8f8- Rf1e1- Rf8f2x Re1e5x Rf2g2+ Kg5h5x Rd8h8+ ,53,checkmate,0-1,"[29, 32, 13, 141, 138, 432, 126, 160, 165, 153, 36, 150, 64, 125, 63, 61, -38, 122, -166, -170, -192, -191, -180, -177, -182, -193, -300, -290, -461, -446, -459, -252, -357, -28, -46, 415, -45, -49, -45, -38, -118, -40, -105, -100, -99996, -163, -99993, -111, -134, 454, -99999, -100000]",1.375,0.8695652173913043
Pe2e4- Pe7e5- Pd2d3- Pf7f5- Pe4f5x Ng8f6- Ng1f3- Pd7d5- Nf3e5x Bf8d6- Ne5f3- Ke8g8- Bf1e2- Bc8f5x Ke1g1- Nb8c6- Pc2c3- Qd8d7- Pd3d4- Ra8e8- Bc1g5- Bd6e7- Nb1d2- Nf6e4- Bg5e7x Qd7e7x Nd2e4x Bf5e4x Nf3d2- Be4g6- Be2f3- Qe7g5- Bf3d5$ Kg8h8- Nd2f3- Qg5h6- Bd5c6x Pb7c6x Nf3e5- Bg6e4- Pf2f3- Be4f5- Qd1d2- Re8d8- Ra1e1- Rf8e8- Ne5c6x Rd8d6- Nc6e5- Re8e5x Re1e5x Qh6f6- Re5f5x Qf6f5x Rf1e1- Ph7h6- Re1e8+ Kh8h7- Qd2e2- Qf5b1+ Kg1f2- Qb1b2x ,63,invalid_move,*,"[29, 28, -19, 82, 76, 187, 76, 82, 90, 89, 71, 57, 57, 58, 57, 77, 57, 62, 51, 51, 41, 146, 146, 163, 158, 161, 171, 189, -108, 198, 190, 188, -343, 271, -331, 342, 347, 338, 344, 379, 376, 390, -474, 469, -489, 596, -502, 99999, -478, 533, 532, 99998, 452, 446, 450, 459, 437, 430, 374, 388, 397, 99987]",1.4137931034482758,36.310344827586206
Pe2e4- Pd7d6- Pd2d3- Pc7c5- Nb1c3- Nb8c6- Ng1f3- Pg7g6- Bf1e2- Bf8g7- Ke1g1- Ng8f6- Bc1g5- Ke8g8- Qd1d2- Ph7h6- Bg5h6x Bg7h6x Qd2h6x Nf6h7- Nf3g5- Nh7g5x Qh6g5x Pe7e5- Qg5g3- Nc6d4- Be2d1- Pf7f5- Pe4f5x Bc8f5x Nc3e4- Bf5e4x Pd3e4x Qd8f6- Pc2c3- Nd4e6- Bd1b3- Kg8g7- Ra1d1- Rf8h8- Ph2h3- Rh8h5- Pf2f3- Ra8h8- Kg1f2- Rh5g5- Qg3h2- Rh8h4- Rf1h1- Rh4f4- Pg2g3- Rf4f3$ Kf2g2- Rg5h5- Qh2g1- Rf3g3$ Kg2h2- Rg3h3$ Kh2g2- Rh3g3+ ,61,invalid_move,*,"[29, 55, 8, 9, -3, -4, -15, -15, -31, -35, -35, -13, -41, -26, -32, 142, 146, 202, 202, 226, 159, 147, 157, 176, 186, 206, 168, 367, 192, 165, 126, 195, 201, 276, 268, 268, 262, 276, 240, 436, 80, 414, -142, 296, -205, -168, -225, 359, -26, 312, -376, -395, -99994, 47, -99997, -99998, -99999, -99999, -99999, -99996]",2.423076923076923,18.153846153846153
Pe2e4- Pe7e5- Pd2d3- Pf7f5- Nb1c3- Ng8f6- Pe4f5x Pd7d5- Ng1f3- Bc8f5x Bf1e2- Bf8d6- Ke1g1- Ke8g8- Bc1g5- Pc7c6- Ph2h3- Nb8d7- Bg5f6x Nd7f6x Nf3h2- Qd8c7- Pf2f4- Pe5e4- Pd3e4x Pd5e4x Qd1e1- Ra8e8- Be2c4+ Kg8h8- Ra1d1- Bd6c5+ Kg1h1- Pb7b5- Bc4b3- Pa7a5- Pa2a3- Pa5a4- Bb3a2- Pe4e3- Nh2f3- Pe3e2- Qe1e2x Re8e2x Nc3e2x Rf8e8- Ne2c3- Bc5d4- Nf3d4x Qc7f4x Nd4f5x Qf4f5x Rd1e1- Re8e1x Rf1e1x Qf5f2- Re1f1- Qf2c2x Ba2f7- Qc2b2x Bf7e6- Qb2c3x ,63,invalid_move,*,"[29, 28, -19, 90, 50, 121, 112, 126, -21, 75, -54, -30, -26, -32, -122, -100, -110, -42, -215, -232, -249, -216, -336, -289, -304, -235, -311, -256, -294, -295, -417, -311, -290, -300, -318, -287, -298, -295, -305, -305, -308, -160, -397, -394, -388, -342, -385, -191, -209, 610, 389, 613, -410, -412, -425, -350, -615, -429, -474, -460, -526, -550]",1.967741935483871,1.0333333333333334
Pe2e3- Pe7e6- Pd2d4- Pc7c6- Pc2c4- Pd7d5- Nb1c3- Ng8f6- Ng1f3- Bf8e7- Bf1e2- Ke8g8- Ke1g1- Nb8d7- Pb2b3- Pb7b6- Bc1b2- Bc8b7- Ra1c1- Ra8c8- Pc4d5x Pc6d5x Nf3e5- Nd7e5x Pd4e5x Nf6d7- Pf2f4- Pf7f6- Pe5f6x Nd7f6x Be2f3- Qd8d6- Nc3b5- Qd6c5- Nb5d4- Pe6e5- Pf4e5x Nf6e4- Bf3e4x Pd5e4x Nd4e6- Qc5e3$ Kg1h1- Rf8f1$ Qd1f1x Rc8f8- Qf1f8$ Be7f8x Ne6f8x Kg8f8x Rc1f1+ Kf8g8- Bb2d4- Qe3d4x Rf1d1- Qd4e5x Rd1d7- Bb7c6- Rd7a7x Pe4e3- Ra7a8+ Kg8f7- Ra8a7+ Kf7g6- Ra7a6- Pe3e2- Ra6b6x Qe2e1+ ,69,checkmate,0-1,"[19, 14, 15, 44, 42, 40, 32, 30, 27, 47, 26, 28, 25, 20, 15, 19, 24, 16, 21, 20, 8, 7, -2, 7, 5, 15, 5, 22, 20, 34, 20, 40, 40, 427, 73, 419, 419, 456, 459, 485, -208, -244, -255, -231, -235, 390, -478, -524, -596, -518, -617, -582, -726, -767, -99999, -854, -99998, -1251, -99999, -99997, -99997, -99996, -99996, -99997, -99999, -99999, -99999, -100000]",19.428571428571427,0.5185185185185185
Pe2e4- Pd7d6- Pd2d4- Pg7g6- Pf2f4- Bf8g7- Ng1f3- Ng8f6- Bf1d3- Ke8g8- Ke1g1- Pc7c5- Pc2c3- Pc5d4x Pc3d4x Nb8c6- Nb1c3- Bc8g4- Ph2h3- Bg4f3x Qd1f3x Nc6d4x Qf3d1- Nd4c6- Bc1e3- Pe7e5- Pf4f5- Pg6f5x Pe4f5x Nc6d4- Be3d4x Pe5d4x Nc3e4- Nf6e4x Bd3e4x Rf8e8- Qd1f3- Qd8b6- Ra1e1- Re8e5- Pg2g4- Ra8e8- Kg1g2- Ph7h5- Pg4h5x ,46,invalid_move,*,"[30, 55, 55, 74, 74, 56, 41, 75, 59, 75, 43, 97, 34, 21, 5, 10, 6, 3, -54, -43, -51, -46, -85, -106, -202, 10, 19, 91, -115, 207, -94, -95, -85, -65, -99, -18, -64, 131, -54, 211, -234, -161, -437, -100, -178]",2.5454545454545454,0.8636363636363636
Pd2d4- Pd7d5- Pc2c4- Pf7f5- Nb1c3- Pe7e6- Pe2e3- Ng8f6- Ng1f3- Bf8d6- Bf1e2- Ke8g8- Ke1g1- Pc7c6- Pc4d5x Pe6d5x Pa2a3- Nf6e4- Nf3d2- Qd8h4- Pg2g3- Ne4g3x Pf2g3x Qh4h3- Rf1f2- Nb8d7- Nd2f3- Nd7f6- Nf3e5- Nf6e4- Nc3e4x Pf5e4x Be2g4- Bc8g4x Qd1g4x Qh3g4x Ne5g4x Rf8f2x Kg1f2x Ra8f8+ Kf2e2- Ph7h5- Ng4e5- Bd6e5x Pd4e5x Rf8f5- Bc1d2- Kg8f7- Ra1f1- ,50,invalid_move,*,"[31, 33, 35, 161, 106, 107, 41, 40, 44, 58, 43, 72, 45, 46, 4, 17, -19, 14, -42, 9, -78, 235, 228, 339, 348, 330, 331, 364, 329, 350, 354, 355, 285, 285, 285, 284, 288, 298, 288, 276, 302, 316, 312, 319, 324, 326, 336, 338, 303]",1.3333333333333333,2.7083333333333335
Pd2d4- Pd7d6- Pc2c4- Pc7c6- Nb1c3- Ng8f6- Pe2e4- Pg7g6- Pf2f4- Bf8g7- Ng1f3- Ke8g8- Bf1d3- Nb8d7- Ke1g1- Pe7e5- Pf4e5x Pd6e5x Pd4d5- Pc6d5x Pc4d5x Nd7c5- Bd3c2- Bc8g4- Qd1e2- Qd8b6- Kg1h1- Ra8c8- Ph2h3- Bg4f3x Rf1f3x Nc5d7- Bc1e3- Qb6c7- Ra1f1- Nd7c5- Be3c5x Qc7c5x Rf3f6x Bg7f6x Rf1f6x Qc5d4- Qe2g4- Rc8c3x Pb2c3x Qd4c3x Rf6f3- Qc3a1+ Kh1h2- Qa1d4- Rf3g3- Qd4f2- Qg4g5- Qf2c2x Qg5h6- Qc2e4x Rg3f3- Qe4d4- Rf3g3- Qd4d5x Qh6g7+ Kg8g7x Rg3f3- Qd5d4- Rf3g3- Qd4f4- ,67,invalid_move,*,"[31, 50, 28, 68, 75, 77, 74, 79, 69, 115, 92, 92, 46, 128, 60, 49, 50, 50, 51, 53, 63, 60, 60, 62, 30, 61, 64, 62, -17, 59, 71, 85, -380, 173, 101, 432, 317, 319, 324, 327, 327, 349, 272, 463, 455, 453, -14, 476, 518, 508, 428, 455, 64, 55, -220, -217, -452, -382, -402, -406, -757, -855, -892, -981, -99987, -99991]",7.125,2.6129032258064515
Pd2d4- Pe7e6- Pc2c4- Pd7d5- Nb1c3- Pc7c5- Pe2e3- Nb8c6- Ng1f3- Ng8f6- Bf1e2- Bf8e7- Ke1g1- Ke8g8- Ph2h3- Pa7a6- Pa2a3- Pb7b6- Pb2b3- Bc8b7- Bc1b2- Ra8c8- Ra1c1- Pc5d4x Pe3d4x Pd5c4x Pb3c4x Nc6a5- Pc4c5- Pb6c5x Pd4c5x Qd8d1x Rf1d1x Be7c5x Nc3a4- Bc5e7- Na4b6- Rc8c1x Rd1c1x Bb7f3x Be2f3x Rf8d8- Nb6c4- Na5c4x Bb2f6x Be7f6x Rc1c4x Rd8d2- Rc4c8+ Bf6d8- Rc8d8$ Rd2d8x Bf3c6- Rd8d2- Bc6f3- Rd2b2- Kg1h2- Pg7g6- Pg2g4- Kg8g7- Kh2g3- Kg7f6- Kg3f4- Ph7h6- Ph3h4- Pg6g5+ Ph4g5$ Ph6g5$ Kf4e4- Rb2f2x Ke4e3- Rf2f3$ Ke3f3x Kf6e5- Kf3e3- Pf7f5- Pg4f5x Pe6f5x Ke3f3- Pg5g4+ Kf3g3- Ke5e4- Kg3h4- Pf5f4- Kh4g4x Pf4f3- Kg4g3- Pf3f2- Kg3f2x ,90,invalid_move,*,"[31, 35, 31, 33, 32, 47, 16, 17, 12, 5, -13, 18, 7, 16, -16, 30, -21, 5, -3, 23, -24, 23, -23, -22, -12, -15, -21, -21, -118, -121, -122, -120, -116, -80, -98, -40, -114, -119, -156, -45, -33, 3, -33, -9, -54, -59, -48, -22, -40, -37, -476, -489, -504, -499, -545, -500, -564, -547, -554, -536, -551, -512, -565, -525, -541, -528, -531, -533, -541, -540, -525, -549, -632, -704, -735, -542, -543, -650, -667, -716, -726, -781, -99981, -875, -911, -1189, -1615, -3, 0]",18.34090909090909,38.69767441860465
Pe2e4- Pc7c5- Pc2c4- Pg7g6- Nb1c3- Bf8g7- Pd2d3- Pe7e6- Ng1f3- Ng8e7- Bf1e2- Ke8g8- Ke1g1- Pd7d5- Pc4d5x Pe6d5x Pe4d5x Ne7d5x Nc3d5x Qd8d5x Bc1e3- Nb8c6- Ra1c1- Bc8g4- Ph2h3- Bg4f3x Be2f3x Qd5d6- Be3c5x Qd6c7- Bc5f8x Ra8f8x Rf1e1- Nc6d4- Bf3e4- Pf7f5- Be4d5+ Kg8h8- Qd1d2- Nd4f3+ Bd5f3x Bg7b2x Rc1c7x Bb2g7- Re1e7- Pb7b6- Re7g7x ,48,invalid_move,*,"[29, 26, 1, 44, -26, -19, -23, 14, 21, 80, -22, 40, -14, 8, -7, -5, -29, -25, -91, -105, -107, -101, -90, -10, -15, -1, 0, 366, 351, 383, 367, 381, 280, 675, 252, 600, 626, 699, 284, 532, 542, 99993, 99995, 99995, 99996, 99996, 99997]",0.85,2.75
Pe2e4- Pe7e6- Pd2d4- Pf7f5- Pe4f5x Pe6f5x Ng1f3- Ng8f6- Bf1d3- Pd7d5- Ke1g1- Bf8d6- Rf1e1+ Ke8f7- Nf3e5+ Kf7g8- Ne5f3- Nf6e4- Bd3e4x Pf5e4x Nf3e5- Bd6e5x ,23,invalid_move,*,"[29, 48, 33, 160, 162, 170, 167, 163, 167, 178, 179, 203, 195, 227, 208, 272, 146, 291, -5, 49, 66, 56]",1.2727272727272727,2.4
Pe2e4- Pe7e5- Pd2d4- Pd7d6- Pd4e5x Pd6e5x Qd1d8$ Ke8d8x Nb1c3- Nb8c6- Bc1e3- Bc8e6- Ke1c1+ Kd8e7- Ng1f3- Ra8d8- Nf3g5- Pf7f6- Ng5e6x Ke7e6x Bf1c4+ Ke6e7- Pf2f4- Pe5f4x Be3f4x Ng8h6- Bf4c7x Rd8d1$ Rh1d1x Nh6g4- Bc7g3- Ng4e3- Rd1e1- Ne3c4x Pb2b3- Nc4a3- Kc1b2- Na3b5- Nc3b5x Nc6b4- Pa2a3- Nb4c6- Pa3a4- Pa7a6- Nb5c7- Nc6b4- Pe4e5- Pf6e5x Re1e5$ Ke7f6- Re5c5- Bf8c5x Bg3e5+ Kf6e7- Be5g7x Rh8g8- Bg7c3- Nb4c6- Nc7d5+ Ke7d6- Nd5f6- Rg8g2x Nf6e4+ Kd6e6- Ne4c5$ Ke6d6- Nc5b7$ Kd6c7- Nb7c5- Rg2h2x Nc5a6$ Kc7b6- Na6b4- Nc6b4x Bc3b4x Rh2c2$ Kb2a3- Rc2c1- Bb4c3- Rc1c3x Pa4a5+ Kb6b5- Ka3b2- Rc3b3$ Kb2b3x Kb5a5x Kb3c3- Ph7h5- Kc3d3- Ph5h4- Kd3e2- Ph4h3- Ke2f2- Ph3h2- Kf2g2- Qh2h1+ Kg2h1x ,98,insufficient_material,1/2-1/2,"[29, 31, -1, 40, 33, 26, 38, 30, 34, 48, 49, 64, 61, 249, 112, 305, 75, 427, 144, 422, 439, 439, 215, 339, 332, 391, 264, 277, 282, 283, 268, 278, -387, -375, -391, -258, -262, 186, 190, 357, 250, 251, 198, 248, 196, 275, 263, 265, 211, 334, -417, -433, -693, -456, -510, -511, -500, -483, -478, -440, -426, -464, -490, -292, -327, -267, -278, -172, -204, -201, -163, -210, -180, -208, -222, 512, -373, -286, -568, -549, -99994, -99979, -99988, -549, -546, 3, 0, 0, 0, 0, 0, 0, 0, 0, 0, 0, 0]",3.148936170212766,15.0
Pe2e4- Pe7e5- Pf2f4- Pf7f6- Ng1f3- Pd7d6- Pf4e5x Pf6e5x Pd2d4- Nb8c6- Pd4d5- Nc6e7- Bf1c4- Ng8f6- Ke1g1- Ne7g6- Nb1c3- Bf8e7- Bc1g5- Ke8g8- Bg5f6x Be7f6x Nc3e2- Bc8g4- Ph2h3- Bg4f3x Rf1f3x Ng6h4- Rf3g3- Qd8d7- Qd1f1- Rf8f7- Ne2c3- Ra8f8- Nc3e2- Nh4g6- Ne2c3- Ng6f4- Ra1e1- Pa7a6- Pa2a4- Pb7b5- Pa4b5x Pa6b5x Bc4b3- Pc7c6- Pd5c6x Qd7c6x Nc3d5- Nf4d5x Pe4d5x Qc6c5+ Kg1h1- Pe5e4- Re1e4x Bf6b2x Re4e8- Rf8e8x Qf1f7$ Kg8h8- Qf7e8$ ,62,checkmate,1-0,"[29, 28, -51, 143, 105, 146, 86, 109, 109, 99, 44, 118, 81, 57, 17, 35, 57, 50, -25, -17, -63, -64, -77, -57, -63, -35, -36, 2, -100, -45, -107, -108, -121, -138, -193, -187, -323, -241, -388, -311, -395, -258, -266, -166, -432, 240, 252, 269, 45, 336, -413, -436, -512, -152, -158, -165, -99998, -642, -837, 99999, 100000]",9.862068965517242,1.2142857142857142
Pe2e4- Pe7e5- Pd2d3- Pc7c6- Ng1f3- Pd7d5- Nb1c3- Pd5d4- Nc3e2- Pc6c5- Pc2c3- Nb8c6- Pc3d4x Pc5d4x Pg2g3- Bf8b4+ Bc1d2- Bb4d2$ Qd1d2x Ng8f6- Bf1g2- Ke8g8- Ke1g1- Bc8g4- Ph2h3- Bg4f3x Bg2f3x Qd8d7- Bf3g2- Ra8c8- Ra1c1- Nc6b4- Pa2a3- Nb4c6- Pb2b4- Pa7a6- Pf2f4- Pe5f4x Ne2f4x Nc6e5- Nf4d5- Nf6d5x Pe4d5x Qd7d5x Bg2d5x Rc8c1x Rf1c1x Ne5d3x Rc1c7- Nd3e5- Qd2d4x Ne5f3+ Bd5f3x Pb7b5- Qd4g7$ Kg8g7x Rc7f7$ Rf8f7x Bf3d5- Rf7d7- Bd5c6- Rd7c7- Bc6e4- Rc7c1+ Kg1f2- Rc1a1- Ph3h4- Ra1a3x Ph4h5- Ra3b3- Ph5h6+ Kg7h6x Be4f5- Rb3b4x Bf5e6- Rb4e4- Be6f5- Re4e5- Bf5g4- Pa6a5- Bg4f3- Pa5a4- Bf3d1- Pa4a3- Bd1c2- Pa3a2- Bc2b3- Qa2a1- Bb3c2- Qa1b2- ,91,invalid_move,*,"[29, 30, -17, 30, 17, 85, -28, -40, -40, 153, -64, -72, -84, -81, -88, -100, -108, -87, -106, -61, -70, -51, -87, -41, -47, -50, -42, -16, -58, -29, -20, 430, 0, 4, -3, 4, -1, 59, -19, -7, -3, 9, 13, 565, 567, 584, 579, 658, 589, 658, 894, 99991, 99993, 99994, 502, 511, -340, -366, -405, -399, -408, -415, -422, -391, -402, -415, -410, -423, -453, -451, -508, -518, -517, -522, -543, -532, -537, -542, -557, -552, -553, -552, -551, -554, -99991, -99993, -99995, -99996, -99996, -99997]",36.825,8.2
Pd2d4- Pd7d6- Pc2c4- Pf7f5- Nb1c3- Ng8f6- Pe2e4- Pf5e4x Nc3e4x Nf6e4x Qd1h5+ Pg7g6- Qh5d5- Ne4f6- Qd5g5- Bf8g7- Bc1f4- Ke8g8- Ke1c1- Nb8c6- Pd4d5- Nc6e5- Bf4e5x Pd6e5x Ng1f3- Pc7c6- Nf3e5x Pc6d5x Pc4d5x Qd8a5- Pd5d6- Pe7d6x Ne5c4- Qa5a2x Nc4d6x Qa2a1+ Kc1d2- Qa1b2$ Kd2e1- Qb2c3+ Rd1d2- Qc3c1+ Rd2d1- Qc1c3+ Rd1d2- Bc8g4- Pf2f3- Bg4h5- Pg2g4- Bh5g4x Pf3g4x Nf6g4x Bf1e2- Ng4e3- Qg5e3x Qc3e3x Rh1f1- Rf8f1$ ,59,invalid_move,*,"[31, 55, 26, 64, 33, 57, 6, 8, -281, -280, -391, -373, -453, -457, -442, -442, -510, -494, -514, -505, -553, -545, -532, -518, -504, -446, -530, -429, -574, -421, -526, -457, -740, -595, -637, -580, -597, -584, -588, -533, -617, -660, -738, -540, -679, -598, -637, -514, -627, -616, -596, -355, -99987, -598, -730, -832, -99993, -99994]",6.62962962962963,2.2962962962962963
Pd2d4- Pd7d5- Pc2c4- Pf7f5- Nb1c3- Pe7e6- Pe2e3- Ng8f6- Ng1f3- Bf8d6- Bf1e2- Ke8g8- Ke1g1- Pc7c6- Pc4d5x Pe6d5x Pa2a3- Nf6e4- Nf3d2- Qd8h4- Pg2g3- Ne4g3x Pf2g3x Qh4g3$ Kg1h1- Pf5f4- Rf1g1- Qg3h3- Be2g4- Bc8g4x Qd1g4x Qh3g4x Rg1g4x Pf4e3x Nd2f3- Pe3e2- Bc1e3- Nb8d7- Ra1e1- Ra8e8- Nc3e2x Re8e3x Ne2g3- Re3f3x Re1g1- Rf3f2- Rg4g7$ Kg8h8- Rg7d7x Rf2b2x Rd7d6x Rb2b3- Rd6h6- Rb3a3x Rh6h7$ Kh8g8- ,57,invalid_move,*,"[31, 33, 32, 164, 105, 108, 33, 37, 32, 54, 39, 64, 42, 41, 16, 20, -22, 7, -55, -5, -51, 199, 219, 565, -99999, 549, 252, 229, -37, -14, 0, 0, 0, 0, -469, 11, -400, -3, -400, -216, -449, -437, -541, -549, -562, -535, -560, -177, -198, 257, 240, 298, 169, 171, -506, 373]",113.33333333333333,108.14814814814815
Pe2e4- Pe7e5- Pc2c3- Pf7f5- Pe4f5x Pd7d5- Pd2d4- Bc8f5x Pd4e5x Nb8c6- Ng1f3- Bf8c5- Bf1b5- Ng8e7- Bb5c6$ Ne7c6x Ke1g1- Ke8g8- Bc1g5- Qd8d7- Bg5f6- Pg7f6x Pe5f6x Rf8f6x Nb1d2- Ra8f8- Nd2b3- Bc5b6- Nb3d4- Nc6d4x Nf3d4x Bf5e4- Pf2f3- Be4g6- Qd1d2- Rf6f7- Ra1e1- Rf7g7- Re1e6- Qd7f7- Rf1e1- Rf8e8- Re6e8$ Qf7e8x Re1e8$ Bg6e8x Qd2h6- Be8f7- Qh6g5- Bf7g6- Ph2h4- Bg6f7- Ph4h5- Bf7e8- Ph5h6- Be8f7- Qg5g7$ ,58,checkmate,1-0,"[29, 30, -28, 101, 107, 162, 92, 108, 104, 140, 142, 116, 73, 85, 42, 53, 35, 43, 35, 36, -444, -446, -427, -436, -441, -447, -461, -458, -428, -470, -484, -492, -479, -469, -499, -431, -432, -366, -580, -357, -365, 442, 443, 453, 448, 448, 442, 464, -557, 499, 475, 99998, -560, 519, -580, 99999, 100000]",82.48148148148148,44.23076923076923
Pe2e4- Pe7e6- Pf2f4- Pc7c5- Ng1f3- Nb8c6- Pd2d4- Pc5d4x Nf3d4x Ng8f6- Nd4c6x Pb7c6x Nb1c3- Bf8b4- Bc1d2- Bb4c3x Bd2c3x Nf6e4x Bc3g7x Rh8g8- Bg7h6- Qd8h4+ Pg2g3- Qh4h6x Bf1d3- Ne4g3x Ph2g3x Qh6h1$ Ke1d2- Qh1g2+ Kd2c3- Qg2g3x Qd1e2- Qg3f4x Ra1f1- Qf4e5+ Kc3d2- Qe5e2$ Bd3e2x Bc8a6- Be2a6x Ra8b8- Ba6d3- Rb8b2x Rf1f3- Rb2a2x Rf3e3- Ra2a4- Re3f3- Rg8g2+ Kd2e3- Rg2c2x Rf3f7x Rc2c3- Rf7h7x Ra4a3- Rh7h8+ Ke8e7- Rh8h7+ Ke7d6- Rh7h6- Rc3d3$ ,63,invalid_move,*,"[30, 50, -13, 3, -2, -11, -40, -19, -10, -8, 15, 13, -25, -8, -32, 56, 56, 91, -183, -47, -632, -663, -674, -405, -495, -484, -501, -516, -513, -519, -541, -543, -550, -516, -548, 486, -581, -586, -595, -525, -518, -516, -520, -512, -538, -539, -556, -537, -581, -583, -581, -351, -573, -524, -531, -607, -628, -632, -636, -636, -652, -652]",4.935483870967742,1.4666666666666666
Pe2e4- Pe7e6- Pd2d4- Pd7d6- Pc2c4- Pc7c6- Nb1c3- Pb7b6- Ng1f3- Bc8b7- Bf1d3- Nb8d7- Ke1g1- Qd8c7- Ph2h3- Ke8c8- Bc1e3- Pf7f6- Pa2a4- Pg7g5- Pa4a5- Ph7h5- Pa5b6x Pa7b6x Qd1a4- Pg5g4- Ph3g4x Ph5g4x Nf3h2- Pf6f5- Pe4f5x Pe6f5x Bd3f5x Ng8f6- Bf5d7$ Rd8d7x Pd4d5- Pc6c5- Nc3b5- Qc7b8- Nb5a7+ Kc8d8- Na7c6+ Bb7c6x Pd5c6x Rd7c7- Nh2g4x Nf6g4x ,49,invalid_move,*,"[29, 34, 37, 74, 61, 106, 116, 139, 133, 132, 121, 134, 121, 120, 137, 294, 269, 366, 353, 408, 378, 402, 425, 412, 219, 217, 29, 37, 49, 40, 73, 224, 227, 254, -25, -113, -232, 209, 130, 362, 341, 400, 303, 309, 115, 393, 201, 147]",7.0,4.391304347826087
Pe2e4- Pe7e6- Pd2d4- Ph7h6- Ng1f3- Pa7a6- Bf1d3- Pd7d6- Ke1g1- Nb8d7- Pc2c4- Pb7b6- Nb1c3- Bc8b7- Pd4d5- Pe6e5- Pb2b3- Ng8f6- Bc1b2- Bf8e7- Rf1e1- Ke8g8- Ph2h3- Nf6h7- Qd1d2- Pf7f5- Pe4f5x Rf8f5x Bd3f5x Nd7f6- Bf5e6+ Kg8h8- Nf3h4- Qd8f8- Nh4g6+ ,36,checkmate,1-0,"[30, 50, 57, 73, 69, 108, 98, 110, 106, 93, 103, 109, 113, 122, 121, 131, 93, 105, 73, 83, 73, 73, 70, 94, 52, 198, 197, 535, 545, 553, 544, 559, 493, 99999, 100000]",0.8125,1.9375
Pe2e4- Pe7e6- Pd2d3- Pf7f5- Pe4f5x Pe6f5x Ng1f3- Ng8f6- Bf1e2- Pd7d5- Ke1g1- Bf8d6- Rf1e1- Ke8g8- Nb1c3- Pc7c6- Bc1g5- Nb8d7- Bg5f6x Nd7f6x Nf3d4- Qd8c7- Be2f3- Bc8d7- Ph2h3- Ra8e8- Re1e8x Rf8e8x Qd1d2- Pf5f4- Ra1e1- Re8e1$ Qd2e1x Bd6c5- Nd4b3- Bc5b6- Nb3d4- Pc6c5- Nd4b3- Pd5d4- Nc3e4- Nf6e4x Bf3e4x Bd7c6- Be4c6x Qc7c6x Qe1e7- Qc6g2$ Kg1g2x Ph7h6- Qe7e8+ Kg8h7- Qe8e4+ Pg7g6- Qe4b7$ Kh7g8- Qb7d5+ Kg8f8- Qd5c5$ Kf8e8- Qc5c8+ Ke8e7- Qc8b7+ Ke7d6- Qb7a7x Kd6d5- Qa7b6x Kd5e5- Qb6d4$ Ke5f5- Qd4f4$ Kf5e6- Qf4h6x Ke6d5- Qh6g6x Kd5e5- Qg6g5+ ,78,invalid_move,*,"[29, 43, 5, 68, 76, 64, 64, 60, 57, 74, 76, 93, 66, 53, 23, 21, -25, -38, -183, -110, -242, -162, -329, -174, -233, -203, -198, -185, -251, -54, -55, -44, -57, 50, -27, 21, -482, 282, -3, 150, 150, 214, 109, 240, 208, 212, 187, 679, 705, 708, 701, 708, 711, 764, 722, 723, 730, 747, 537, 762, 768, 785, 789, 796, 441, 99994, 99995, 99996, 99984, 99995, 608, 99992, 99993, 99997, 99998, 99998, 99995]",1.3333333333333333,1.90625
Pd2d4- Pd7d6- Pc2c4- Pc7c6- Nb1c3- Nb8d7- Pe2e4- Qd8c7- Ng1f3- Pe7e5- Bf1e2- Ng8f6- Ke1g1- Bf8e7- Pd4e5x Pd6e5x Bc1g5- Ke8g8- Qd1c2- Rf8e8- Ra1d1- Nd7f8- Pb2b4- Nf8g6- Pa2a4- Bc8g4- Pb4b5- Bg4f3x Be2f3x Ng6f4- Bg5f4x Pe5f4x Pb5c6x Pb7c6x Pe4e5- Nf6d7- Bf3c6x Ra8d8- Bc6d7x Rd8d7x Rd1d7x Qc7d7x Pe5e6- Pf7e6x Qc2e4- Be7f6- Nc3b5- Qd7f7- Rf1d1- Pe6e5- Qe4d5- Qf7d5x Rd1d5x Re8e7- Ph2h3- Pa7a6- Nb5d6- Re7c7- Nd6e4- Rc7c4x Rd5d8+ Kg8f7- Rd8d7+ Kf7g6- Rd7d6- Rc4c1+ Kg1h2- Rc1c4- Ne4f6x Pg7f6x Rd6a6x Rc4a4x Ra6f6$ Kg6g5- Rf6c6- Ra4a2- Rc6c5- Ph7h5- Rc5e5$ Kg5f6- Re5h5x Ra2f2x Rh5f5+ Kf6e6- ,85,invalid_move,*,"[31, 55, 30, 57, 62, 83, 87, 108, 108, 100, 99, 104, 86, 83, 4, 8, -53, -10, -20, -9, -25, -14, -121, 7, -129, -44, -73, -61, -42, 18, 18, 20, -6, 78, 76, 81, -379, 237, 218, 219, 114, 121, -31, 50, 9, 97, -93, 474, 85, 255, 57, 53, 26, 89, 8, 9, 5, 63, -39, -43, -561, -237, -232, -244, -492, -29, -48, -47, -39, -19, -29, 451, -532, -2, -5, 0, 2, 9, 14, 19, 23, 10, -841, 16]",1.0476190476190477,1.2682926829268293
Pe2e4- Pe7e6- Pd2d4- Pf7f5- Pe4f5x Pe6f5x Ng1f3- Ng8f6- Bf1d3- Pd7d5- Ke1g1- Bf8d6- Rf1e1+ Ke8f7- Nf3e5+ Kf7g8- Ne5f3- Nf6e4- Bd3e4x Pf5e4x Nf3e5- Bd6e5x ,23,invalid_move,*,"[29, 61, 46, 164, 173, 154, 164, 178, 163, 189, 174, 210, 204, 223, 193, 285, 149, 291, -21, 60, 50, 56]",1.7272727272727273,1.9
Pe2e4- Pe7e6- Pd2d4- Pd7d6- Pf2f4- Pc7c6- Ng1f3- Pb7b6- Bf1d3- Bc8b7- Ke1g1- Nb8d7- Pc2c3- Qd8c7- Bc1e3- Ke8c8- Nb1d2- Pf7f6- Pa2a4- Pg7g5- Pa4a5- Pg5f4x Be3f4x Pe6e5- Pa5b6x Pa7b6x Pd4e5x Pd6e5x Bf4e3- Ph7h5- Pb2b4- Ph5h4- Ph2h3- Ng8h6- Pc3c4- Nh6g4- Pc4c5- Pb6c5x Pb4c5x Nd7c5x Be3c5x Bf8c5$ Kg1h1- Ng4e3- Qd1b3- Ne3f1x Ra1f1x Rd8d3x Qb3d3x Rh8d8- Qd3b3- Bc5d4- Nf3d4x Pe5d4x Nd2c4- Qc7g3- Qb3b7$ Kc8b7x Nc4d6+ Kb7c7- Nd6f5- Qg3e5- Rf1c1- Rd8a8- Rc1c6$ Kc7d7- Rc6b6- Ra8a1+ ,69,invalid_move,*,"[29, 25, 27, 85, 51, 80, 93, 113, 112, 180, 166, 190, 150, 163, 108, 233, 198, 256, 257, 360, 293, 297, 309, 310, 314, 316, 212, 230, 155, 253, 255, 264, 263, 333, 0, 244, -322, 311, -359, 45, -78, -91, -64, 0, 1, 0, -59, 15, 9, 12, 11, 160, 113, 126, 21, 147, -500, -550, -769, -594, -573, -598, -691, -646, -99995, -827, -99998, -99999]",2.90625,2.59375
Pe2e4- Pe7e5- Pd2d3- Pf7f6- Ng1f3- Pd7d6- Bf1e2- Pc7c6- Ke1g1- Pg7g5- Ph2h3- Ph7h5- Nf3h2- Pg5g4- Ph3g4x Bc8g4x Be2g4x Ph5g4x Qd1g4x Qd8e7- Qg4g6+ Ke8d8- Nb1c3- Nb8d7- Nc3e2- Nd7c5- Ne2g3- Ng8h6- Bc1h6x Bf8h6x Qg6f5- Bh6g7- Ng3h5- Rh8h5x Qf5h5x Kd8c7- Nh2g4- Ra8h8- Qh5g6- Rh8h4- Pf2f3- Nc5e6- Pf3f4- Pe5f4x Rf1f4x Ne6f4x Qg6g7x Qe7g7x Ng4f6x Qg7g2$ ,51,checkmate,0-1,"[29, 33, -18, 67, 43, 125, 78, 135, 95, 146, 123, 140, 87, 88, 61, 171, 138, 137, 148, 186, 67, 73, 78, 54, 60, 145, 125, 178, 150, 220, -82, 167, -28, 259, 303, 305, 257, 269, 284, 397, 300, 312, 57, 199, -455, -442, -99994, -99995, -99999, -100000]",1.0869565217391304,3.6818181818181817
Pe2e4- Pe7e6- Pd2d4- Pf7f5- Pe4f5x Pe6f5x Ng1f3- Ng8f6- Bf1d3- Pd7d5- Ke1g1- Bf8d6- Rf1e1+ Ke8f7- Nf3e5+ Bd6e5x Pd4e5x Nf6e4- Bd3e4x Pf5e4x Qd1h5+ Pg7g6- Qh5h6- Qd8e7- Bc1g5- Qe7e5x Bg5f6- Qe5f6x Qh6e3- Nb8c6- Nb1c3- Bc8f5- Nc3d5x Qf6b2x Nd5c7x Ra8c8- Nc7d5- Rc8e8- Nd5f4- Re8e5- Ra1b1- Qb2a2x Rb1b7$ Kf7f6- Qe3c3- Rh8e8- Rb7f7+ Kf6g5- Qc3g3+ Kg5h6- Qg3h4+ ,52,checkmate,1-0,"[29, 45, 42, 158, 160, 158, 160, 169, 168, 175, 158, 215, 210, 237, 190, 183, 188, 191, 108, 201, 204, 214, 240, 303, 252, 247, -320, -280, -454, -419, -450, -330, -320, -290, -300, -314, -384, 119, -354, -226, -230, -222, -226, 95, 44, 357, -382, 99995, 99996, 99999, 100000]",1.2173913043478262,2.0869565217391304
Pe2e4- Pe7e6- Pd2d4- Pf7f5- Pe4f5x Pe6f5x Ng1f3- Ng8f6- Bf1d3- Pd7d5- Ke1g1- Bf8d6- Rf1e1+ Ke8f7- Nf3e5+ Kf7g8- Ne5f3- Nb8c6- Nf3e5- Nc6e5x Pd4e5x Bd6e5x Pc2c3- Pc7c6- Bc1g5- Qd8d6- Bg5f6x Be5f6x Nb1d2- Bc8e6- Nd2f3- Ra8e8- Nf3d4- Be6f7- Qd1f3- Bf6d4x Pc3d4x Re8e1$ Ra1e1x Pg7g6- Qf3g3- Qd6b4- Re1e7- Qb4b2x Qg3d6- Qb2c1+ Bd3f1- Qc1g5- Qd6d7- Qg5e7x Qd7e7x Kg8g7- Qe7b7x Rh8e8- Qb7c6x Re8e1- Qc6d5x Re1f1$ Kg1f1x Bf7d5x Kf1e2- Bd5c4+ Ke2d2- Bc4a2x Kd2c3- Ba2f7- Pf2f4- Pa7a5- Pg2g3- Pa5a4- Kc3b4- Pa4a3- Kb4a3x Bf7c4- Ka3b4- Bc4d5- Kb4c5- Bd5e4- Kc5d6- Be4f3- Kd6e5- Bf3g4- Ke5d6- Bg4h3- Kd6e5- Bh3g2- Ke5d6- Bg2h3- Kd6e5- Bh3g2- Ke5d6- Bg2h3- Kd6e5- Bh3g2- Ke5d6- Bg2h3- Kd6e5- Bh3g2- Ke5d6- Bg2h3- ,101,fivefold_repetition,1/2-1/2,"[30, 50, 57, 171, 166, 167, 161, 166, 152, 175, 174, 213, 212, 219, 212, 284, 126, 178, 8, 387, 398, 442, -44, 462, -78, -22, -23, 454, -144, -82, -137, 35, -36, 40, -125, -33, -28, -15, -14, -16, -71, 196, -465, 636, 7, 425, 433, 519, 59, 485, 467, 483, 426, 429, 452, 456, -583, -469, -473, -482, -532, -510, -514, -532, -529, -485, -531, -536, -537, -529, -530, -381, -422, -325, -341, -364, -371, -382, -389, -328, -389, -342, -388, -126, -386, -332, -389, -53, -392, -391, -396, 0, -396, 0, -395, 0, -399, 0, -399, 0]",1.36,1.183673469387755
Pd2d4- Pd7d5- Pc2c4- Pc7c6- Nb1c3- Ng8f6- Pe2e3- Pe7e6- Ng1f3- Bf8e7- Bf1d3- Ke8g8- Ke1g1- Nb8d7- Pb2b3- Pa7a5- Bc1b2- Pb7b6- Ra1c1- Bc8a6- Pc4d5x Pc6d5x Nf3e5- Nd7e5x Pd4e5x Nf6d7- Pf2f4- Pf7f6- Pe5f6x Nd7f6x Pe3e4- Pd5e4x Nc3e4x Nf6e4x Bd3e4x Be7c5+ Kg1h1- Qd8f6- Bb2f6x Rf8f6x Be4a8x Rf6f4x Rf1f4x Bc5d6- Rf4f8+ Kg8f8x Qd1d6$ Kf8f7- Qd6b6x Pg7g6- Qb6a5x Kf7f6- Qa5a6x Ph7h5- Qa6e6$ Kf6g5- Qe6g6$ Kg5h4- Qg6h5$ Kh4h5x Pa2a4- Kh5h4- Pa4a5- Kh4g4- Pa5a6- Kg4f4- Pa6a7- Kf4e3- ,69,invalid_move,*,"[31, 27, 30, 37, 31, 40, 38, 43, 48, 42, 44, 45, 44, 38, 38, 57, 59, 60, 68, 67, 57, 102, 51, 44, 43, 38, -18, 102, 116, 124, -77, -67, -435, -17, -1, 149, -61, 550, 562, 607, 626, 99994, 99995, 99996, 99993, 99994, 99995, 99995, 99993, 99996, 99994, 99994, 99995, 99996, 896, 99997, 99989, 99999, 99991, 99991, 99989, 99995, 99992, 99992, 99993, 99993, 99994, 99995]",1.380952380952381,4.05
Pe2e4- Pe7e6- Pd2d4- Pf7f5- Pe4f5x Pe6f5x Ng1f3- Ng8f6- Bf1d3- Pd7d5- Ke1g1- Bf8d6- Rf1e1+ Ke8f7- Nf3e5+ Bd6e5x Pd4e5x Nf6e4- Bd3e4x Pf5e4x Qd1h5+ Pg7g6- Qh5h6- Qd8e7- Bc1g5- Qe7e5x Bg5f6- Qe5f6x Nb1c3- Bc8f5- Re1e3- Nb8c6- Ra1e1- Ra8e8- Pf2f3- Pe4f3x Re3e8x Rh8e8x Re1e8x Kf7e8x Qh6e3+ Ke8f7- Qe3f3x Qf6d4+ Kg1h1- Qd4d2- Qf3d5$ Kf7g7- Qd5d2x Nc6e5- Qd2d4- Pc7c5- Qd4d5- Pb7b6- Qd5e5$ Kg7h6- Qe5f4+ Kh6g7- Qf4c7+ Kg7h6- Qc7a7x Pg6g5- Qa7b6$ Kh6h5- Qb6c5x Ph7h6- Qc5f5x Kh5h4- Qf5g4+ Kh4g4x Ph2h3+ Kg4g3- Ph3h4- Pg5h4x Nc3e4+ Kg3g4- Ne4f6+ Kg4g5- Nf6e4+ Kg5g6- Ne4g3- Ph4g3x Pc2c4- Kg6g5- Pc4c5- Kg5f4- Pc5c6- Kf4e3- Pc6c7- Ke3d2- Qc7c8- Kd2e1- Qc8c4- Ke1d1- Qc4d3+ Kd1c1- Qd3c2+ Kc1c2x Pb2b4- Kc2b2- Pb4b5- Kb2a1- Pb5b6- Ka1b1- Pb6b7- Kb1a1- Qb7b8- Ka1a2x Qb8b2+ ,110,invalid_move,*,"[29, 34, 46, 153, 163, 163, 169, 169, 169, 179, 164, 207, 205, 205, 197, 186, 173, 180, 116, 161, 181, 194, 230, 294, 230, 242, -316, -287, -281, -175, -331, -330, -408, -319, -350, -363, -417, 0, -534, -526, -532, -532, -517, -512, -528, -525, -534, 551, 559, 645, 665, 99989, 573, 99992, 99993, 99993, 99992, 99992, 796, 99991, 682, 729, 748, 784, 758, 99998, 99999, 99999, 673, 746, 554, 651, 551, 651, 539, 610, 537, 551, 554, 685, 589, 621, 457, 541, 476, 665, 708, 757, 762, 793, 1023, 99982, 99983, 99988, 99988, 99993, 549, 576, 592, 666, 715, 744, 789, 970, 995, 1069, 1147, 99982, -3]",15.869565217391305,24.02173913043478
Pd2d4- Pd7d5- Pc2c4- Pc7c6- Nb1c3- Ng8f6- Pe2e3- Pe7e6- Ng1f3- Bf8e7- Bf1e2- Ke8g8- Ke1g1- Nb8d7- Pb2b3- Pb7b6- Bc1b2- Bc8b7- Ra1c1- Ra8c8- Pa2a3- Pc6c5- Pd4c5x Pb6c5x Nc3b5- Pa7a6- Nb5c3- Pd5d4- Pe3d4x Pc5d4x Nc3a4- Pe6e5- Nf3e5x Nd7e5x Bb2d4x Ne5c6- Bd4f6x Be7f6x Be2f3- Nc6e5- Bf3b7x Rc8b8- Bb7a6x Rb8a8- Ba6b5- Qd8a5- Qd1d5- Ra8d8- Qd5e4- Ne5g6- Rf1d1- Rd8d1$ Rc1d1x Qa5c7- Rd1d7- Qc7c8- Rd7f7x Rf8f7x Bb5e8- Qc8e8x Qe4e8$ Rf7f8- Qe8e6+ Kg8h8- Na4c5- Ng6f4- Qe6e4- Nf4e2+ Kg1f1- Ne2c3- Qe4e7- Nc3d1- Nc5e6- Nd1c3- Qe7f8$ ,76,checkmate,1-0,"[31, 33, 35, 40, 41, 37, 33, 31, 25, 37, 23, 22, 25, 26, 24, 26, 21, 21, 23, 18, 5, 9, 0, 0, -17, -16, -17, 94, 92, 122, -104, -106, -238, -236, -304, -275, -288, -286, -327, 173, 160, 288, 166, 325, 258, 322, 280, 301, 216, 353, 333, 384, 419, 423, 382, 376, -293, -291, -458, 435, 457, 460, 428, 457, 460, 477, 512, 616, 481, 489, -463, 99999, -192, 99999, 100000]",0.5555555555555556,2.942857142857143
Pe2e4- Pc7c5- Pf2f4- Pe7e6- Ng1f3- Nb8c6- Pd2d4- Pc5d4x Nf3d4x Ng8f6- Nb1c3- Bf8c5- Bf1d3- Ke8g8- Ke1g1- Pd7d5- Pe4e5- Nf6d7- ,19,invalid_move,*,"[30, 27, -8, -5, -14, -10, -52, -16, -7, 18, -5, 80, -298, 71, -400, -323, -336, -310]",0.3333333333333333,1.125
Pe2e3- Pe7e6- Pd2d4- Pc7c5- Pc2c3- Pc5d4x Pe3d4x Ng8f6- Ng1f3- Pd7d5- Bf1d3- Nb8c6- Ke1g1- Bf8d6- Rf1e1- Ke8g8- Nb1d2- Pa7a6- Nd2f1- Pb7b5- Nf1g3- Bc8b7- Bc1g5- Ra8c8- Qd1d2- Ph7h6- Bg5h6x Pg7h6x Qd2h6x Nf6h7- Ng3h5- Nh7g5- Nf3g5x Qd8g5x Qh6g5$ Kg8h8- Qg5g7+ ,38,checkmate,1-0,"[19, 18, 16, 29, -10, 35, 43, 38, 28, 63, 60, 56, 62, 55, 50, 50, 42, 65, 50, 65, 55, 105, 122, 139, 127, 237, 228, 330, 417, 99999, 99998, 99999, 99998, 99999, 99999, 99999, 100000]",1.2142857142857142,8.428571428571429
Pe2e3- Pd7d5- Pd2d3- Pc7c5- Pf2f3- Nb8c6- Pg2g3- Pe7e5- Bf1g2- Pf7f5- Ng1e2- Ng8f6- Ke1g1- Bf8d6- Pc2c3- Ke8g8- Pb2b3- Bc8e6- Bc1b2- Qd8d7- Nb1d2- Ra8e8- Pe3e4- Pf5e4x Pd3e4x Pd5d4- Pc3d4x Pc5d4x Nd2c4- Be6c4x Pb3c4x Nc6b4- Pa2a3- Nb4c6- Pf3f4- Pe5f4x Pg3f4x Nf6g4- Pe4e5- Bd6c5- Bg2d5+ Kg8h8- Ph2h3- Ng4e3- Qd1d3- Ne3f1x Ra1f1x Rf8f5- Bd5e4- Rf5h5- Be4f3- Rh5h3x Bf3g4- Rh3g3+ Ne2g3x Qd7g4x Qd3h7$ Kh8h7x ,59,invalid_move,*,"[19, 17, -48, -31, -117, -115, -115, -113, -113, -66, -106, -109, -118, -90, -129, -126, -132, -141, -206, -147, -223, -195, -210, -214, -203, -154, -128, -111, -197, -122, -111, -65, -83, -72, -174, -117, -117, -79, -198, -85, -131, -126, -455, -454, -518, -201, -205, -46, -194, -142, -536, -369, -99991, 321, -150, -149, -669, -682]",36.035714285714285,26.392857142857142
Pe2e4- Pe7e5- Pd2d3- Pf7f5- Nb1c3- Ng8f6- Pe4f5x Pd7d5- Ng1f3- Bc8f5x Bf1e2- Bf8d6- Ke1g1- Ke8g8- Ph2h3- Pc7c6- Bc1g5- Nb8d7- Bg5f6x Nd7f6x Nf3h4- Bf5e6- Nh4f3- Pe5e4- Pd3e4x Pd5e4x Nf3d4- Be6f7- Be2c4- Bf7c4x Nd4e6- Qd8e7- Ne6f8x Ra8f8x Qd1d4- Bc4f1x Ra1f1x Bd6e5- Qd4c4+ Kg8h8- Nc3e4x Nf6e4x Qc4e4x Be5b2x Pc2c4- Bb2f6- Pc4c5- Qe7e4x Pf2f3- Qe4e3+ Kg1h1- Qe3c5x Rf1d1- Qc5f2- Rd1f1- Qf2g3- Rf1g1- Bf6d4- Rg1f1- Qg3h2+ Kh1h2x Bd4e5+ Kh2g1- Rf8e8- Pf3f4- Be5d4+ Kg1h1- Re8e2- Rf1g1- Re2a2x Pf4f5- Ra2a1- Pf5f6- Ra1g1$ ,75,invalid_move,*,"[29, 31, -7, 83, 49, 122, 111, 114, 4, 67, -46, -29, -35, -30, -120, -113, -139, -54, -223, -225, -256, -245, -249, -113, -113, -99, -112, -80, -489, -508, -640, -492, -471, -518, -535, -531, -527, -497, -506, -508, -555, -556, -600, 543, -766, -504, -909, -99988, -99993, -99993, -99994, -754, -915, -99995, -99996, -99995, -99997, -99996, -99996, -570, -556, -541, -565, -545, -549, -562, -544, -539, -602, -530, -592, -549, -737, -764]",3.46875,1.8387096774193548
Pd2d3- Pd7d6- Pe2e4- Pc7c6- Nb1c3- Nb8d7- Bc1e3- Qd8c7- Qd1d2- Pe7e5- Ke1c1- Ng8f6- Pf2f4- Bf8e7- Pf4e5x Pd6e5x Ng1f3- Ke8g8- Ph2h3- Pb7b5- Pg2g4- Pa7a5- Pg4g5- Nf6e8- Ph3h4- Pb5b4- Nc3e2- Pa5a4- Ph4h5- Pb4b3- Pa2b3x Pa4b3x Pc2b3x Ra8a1+ Kc1c2- Qc7a5- Pg5g6- Ph7g6x Ph5g6x Pf7g6x Nf3g5- Be7g5x Be3g5x Nd7c5- Bg5e3- Nc5b3x Qd2c3- Qa5a2- Rd1a1x Qa2a1x Be3c5- Qa1a4- Bc5f8x Kg8f8x Qc3b4+ Qa4b4x Ne2c3- Nb3d4+ Kc2d2- Qb4b2$ Kd2e3- Qb2c3x Bf1e2- Qc3c2- Rh1f1+ Kf8g8- Rf1f2- Qc2e2$ Rf2e2x Nd4e2x Ke3e2x Pc6c5- Ke2e3- Pc5c4- Pd3c4x Bc8e6- Pc4c5- Be6f7- Ke3d3- Pg6g5- Kd3e3- Pg5g4- Ke3f2- Pg4g3+ Kf2g3x Pg7g5- Kg3g4- Kg8g7- Kg4g5x ,90,invalid_move,*,"[-1, 3, 4, 25, 26, 42, 15, 27, 2, 1, -17, -16, -40, 11, -17, -20, -51, -14, -24, -38, -78, -3, -85, 21, 34, 120, 35, 59, 46, 105, -96, -68, -64, 89, 92, 242, 74, 146, 91, 360, -23, 37, 35, 276, -24, 350, -53, -14, -23, 425, -300, 403, 247, 430, -624, -640, -641, -656, -99992, -99993, -99993, -862, -941, -1157, -99991, -99991, -99999, -645, -751, -809, -828, -862, -875, -576, -616, -694, -703, -746, -807, -817, -833, -868, -894, -515, -523, -509, -515, -503, -644]",9.414634146341463,0.5365853658536586
Pd2d4- Pd7d6- Pc2c4- Pc7c6- Nb1c3- Ng8f6- Pe2e4- Pg7g6- Pf2f4- Bf8g7- Ng1f3- Ke8g8- Bf1d3- Pe7e5- Pf4e5x Pd6e5x Pd4d5- Pc6d5x Pc4d5x Nb8d7- Ke1g1- Nd7c5- Bd3c2- Nc5d7- Bc1g5- Ph7h6- Bg5h4- Pg6g5- Bh4g3- Nf6h5- Bg3f2- Nh5f4- Pg2g3- Nf4h3+ Kg1g2- Nh3f2x Rf1f2x Pf7f5- Pe4f5x Rf8f5x Bc2f5x Nd7f6- Bf5c8x Qd8c8x Qd1e2- Qc8d7- Ra1f1- Ra8f8- Nf3e5x Qd7d5$ Nc3d5x Nf6d5x Qe2c4- Kg8h7- Ne5f7- Rf8f7x Rf2f7x Nd5e3+ Kg2g1- Ne3c4x Rf7b7x Nc4d2- Rf1d1- Nd2f3+ Kg1g2- Nf3e5- Rd1d7- Ne5d7x Rb7d7x Kh7g6- Rd7a7x Kg6f5- Ra7g7x Kf5e4- Rg7g5x Ph6g5x Ph2h4- Pg5h4x Pg3h4x Ke4f5- Ph4h5- Kf5g5- Ph5h6- Kg5h6x Pb2b4- Kh6g5- Pb4b5- Kg5f5- Pb5b6- Kf5e5- Pb6b7- Ke5d6- Qb7b8+ Kd6c6- Qb8c8+ Kc6d5- Qc8d7+ Kd5c5- Qd7c7+ Kc5b5- Qc7b7+ Kb5a5- Qb7a7+ Ka5b5- Qa7b7+ Kb5c5- Qb7c6+ Kc5d4- Qc6d6+ Kd4c3- Qd6c5+ Kc3b2- Qc5b4+ Kb2c1- Qb4a3+ Kc1d1- Qa3b2- Kd1e1- Qb2d2+ ,120,invalid_move,*,"[31, 57, 41, 56, 73, 82, 79, 89, 65, 90, 90, 92, 46, 30, 23, 34, 28, 54, 57, 73, 62, 58, 40, 93, 48, 52, 57, 102, 101, 100, 98, 82, 47, 46, 61, 61, 63, 221, 221, 468, 489, 469, 457, 514, 472, 554, 519, 574, 583, 1074, 99989, 99991, 905, 99993, 483, 99993, 542, 541, 526, 529, 533, 544, 557, 560, 555, 534, 515, 520, 529, 529, 531, 547, 576, 622, 552, 569, 555, 628, 633, 666, 688, 673, 678, 696, 703, 798, 597, 582, 99989, 99990, 99991, 99991, 99992, 99992, 99991, 99992, 99992, 99992, 99991, 99992, 99992, 99998, 99991, 99991, 99992, 99992, 0, 99992, 99993, 99993, 99994, 99994, 99995, 99996, 99995, 99996, 99997, 99997, 474]",12.372093023255815,5.404761904761905
Pe2e4- Pc7c5- Pc2c4- Pg7g6- Nb1c3- Bf8g7- Pd2d3- Nb8c6- Ng1f3- Pd7d6- Bf1e2- Ng8f6- Ke1g1- Ke8g8- Bc1e3- Pa7a6- Pa2a3- Pb7b5- Pc4b5x Pa6b5x Nc3b5x Bc8a6- Nb5c3- Nc6d4- Nf3d4x Pc5d4x Be3d4x Nf6d7- Bd4g7x Kg8g7x Be2f3- Nd7e5- Bf3e2- Qd8b6- Pb2b4- Ra8c8- Qd1d2- Rc8c3x Qd2c3x Rf8c8- Qc3d2- Rc8c3- Ra1c1- Rc3a3x Rc1c7- Ra3a2- Qd2c3- Ra2e2x ,49,invalid_move,*,"[29, 30, 6, 45, -3, 0, -16, -16, -36, -47, -29, -21, -33, -25, -37, 0, -35, -1, -22, -26, -28, -9, -5, 254, 251, 247, 260, 284, 298, 293, 195, 201, 222, 214, 220, 286, 239, 384, 398, 400, 382, 573, 344, 361, -388, 453, -172, -152]",1.3333333333333333,3.9130434782608696
Pe2e4- Pe7e5- Pf2f4- Pf7f5- Pf4e5x Pf5e4x Ng1e2- Ng8e7- Ne2g3- Ne7g6- Bf1e2- Bf8e7- Ke1g1- ,14,invalid_move,*,"[29, 31, -31, 107, -231, 62, -44, 75, 70, 95, -11, 170, 187]",0.0,2.8333333333333335
Pe2e4- Pd7d6- Pd2d4- Pc7c6- Pc2c4- Nb8d7- Nb1c3- Pg7g6- Bc1e3- Bf8g7- Bf1d3- Ng8f6- Ng1e2- Ke8g8- Ke1g1- Pe7e5- Pf2f4- Pe5d4x Ne2d4x Nd7c5- Bd3c2- Nc5e6- Nd4e6x Bc8e6x Pf4f5- Be6d7- Pf5g6x Pf7g6x Qd1e2- Qd8e7- Ra1d1- Ra8e8- Be3d4- Pc6c5- Bd4f6x Bg7f6x Nc3d5- Qe7e5- Nd5f6$ Rf8f6x Rf1f6x Qe5f6x Rd1d6x Bd7c6- Rd6f6x Re8e4x Qe2e4x Bc6e4x Bc2e4x Pb7b6- Rf6e6- Kg8f7- Re6d6- Kf7e7- Rd6d5- Ke7e6- Rd5c5x Pb6c5x Be4b7- Pa7a5- Bb7a6- Pa5a4- Ba6b5- Pa4a3- Pb2a3x Ke6d6- Pa3a4- Kd6e5- Pa4a5- Ke5d4- Pa5a6- Kd4c3- Pa6a7- Kc3b2- Qa7a8- Kb2c3- Qa8c6- Kc3b2- Qc6c5x Kb2a2x Qc5b4- Ka2a1- Qb4b2+ Ka1b2x Pc4c5- Kb2c3- Pc5c6- Kc3d4- Pc6c7- Kd4e3- Qc7c8- Ke3f4- Qc8c4+ Kf4e3- Qc4e4+ Ke3d2- Qe4d4+ ,98,invalid_move,*,"[29, 54, 58, 67, 73, 78, 76, 99, 101, 94, 57, 54, 32, 55, 55, 52, -190, 41, -21, -1, -125, 96, 56, 57, -108, 158, -15, -11, -139, -66, -341, -1, -351, -118, -118, -44, -30, -40, -41, -41, -47, -44, -491, 610, 643, 99992, 657, 686, 691, 692, 698, 717, 680, 690, 690, 696, 510, 545, 500, 540, 490, 535, 541, 546, 579, 585, 608, 618, 677, 823, 848, 876, 916, 99979, 99988, 99991, 99990, 99993, 99994, 99995, 99996, 99996, 732, 761, 781, 811, 833, 845, 856, 99988, 99989, 99994, 99990, 99997, 423, 99995, 99995]",19.35,12.615384615384615
Pe2e4- Pe7e6- Pd2d3- Pc7c5- Ng1f3- Nb8c6- Bf1e2- Pd7d5- Pe4d5x Pe6d5x Ke1g1- Ng8f6- Rf1e1- Bf8e7- Bc1g5- Ke8g8- Bg5f6x Be7f6x Nb1c3- Pd5d4- Nc3e4- Bf6e7- Ne4g3- Be7d6- Ng3e4- Bd6c7- Ne4c5x Bc7b6- Nc5b3- Bc8e6- Nb3d4x Nc6d4x Nf3d4x Bb6d4x Pc2c3- Bd4b6- Be2f3- Qd8c7- Qd1c2- Ra8d8- Re1e2- Be6d5- Bf3d5x Rd8d5x Ra1e1- Rf8d8- Pd3d4- Rd5d6- Re2e8+ Rd8e8x Re1e8$ ,52,checkmate,1-0,"[29, 48, 1, 22, 10, 18, -13, -13, -17, -19, -14, -11, -30, -28, -59, -54, -115, -120, -121, -37, -46, -44, -78, -50, -50, 39, 40, 81, 75, 66, -351, -350, -473, -364, -367, -312, -319, -285, -307, -311, -337, -319, -322, -326, -330, 99998, -281, 99998, 99999, 99999, 100000]",1.0434782608695652,0.2727272727272727
Pd2d4- Pd7d5- Pc2c4- Pc7c6- Nb1c3- Ng8f6- Pe2e3- Pe7e6- Ng1f3- Bf8b4- Bf1d3- Bb4c3$ Pb2c3x Ke8g8- Ke1g1- Nb8d7- Pc4d5x Pe6d5x Pc3c4- Pd5c4x Bd3c4x Nd7b6- Bc4b3- Bc8g4- Ph2h3- Bg4h5- Pg2g4- Bh5g6- Nf3e5- Qd8d5- Pf2f4- Nf6e4- Pf4f5- Bg6f5x Pg4f5x Qd5d6- Pf5f6- Pg7g6- Qd1g4- Ne4f6x Qg4g5- Nb6d5- Qg5h6- Nd5e3x Bc1e3x Qd6e5x Pd4e5x Nf6e4- Be3d4- Ra8d8- Bd4e3- Rd8d3- Bb3c2- Rd3e3x Rf1f7x Re3g3+ Kg1h2- Rg3h3$ Kh2g2- Rh3g3+ Kg2h2- Rg3f3- Ra1g1- Rf3f7x Bc2e4x Rf7f2+ Rg1g2- Rf2f4- Be4g6x Rf4h4+ Kh2g3- Rh4h6x Bg6h7$ Kg8h7x Rg2h2- Rf8g8+ Kg3f4- Rh6h2x Kf4e4- Rh2a2x Ke4d4- Ra2a4+ Kd4c5- Rg8g5- Kc5d6- Ra4h4- Kd6c7- Rg5e5x Kc7b7x Re5d5- Kb7c6x Rh4c4+ Kc6d5x Pa7a5- Kd5c4x Pa5a4- Kc4b4- Pa4a3- Kb4a3x ,100,insufficient_material,1/2-1/2,"[31, 36, 35, 41, 34, 38, 37, 35, 41, 49, 52, 59, 53, 50, 64, 71, 67, 67, 71, 79, 83, 84, 51, 82, 95, 130, 137, 124, 119, 504, 385, 464, 447, 500, 500, 494, 396, 488, 413, 424, 354, 366, 316, 496, 508, 774, 826, 99993, 888, 99996, 706, 783, 696, 760, 596, 656, 706, 737, 1, 602, 632, 99999, 537, 522, 541, 617, 547, 99996, 99994, 99994, -435, -437, -522, -550, -690, -682, -692, -703, -764, -99983, -99992, -99996, -99998, -99995, -99995, -99990, -99990, -99991, -99995, -99994, -99995, -99984, -99985, 0, 0, 0, 0, 0, 0]",5.897435897435898,6.948717948717949
Pe2e4- Pe7e6- Pf2f4- Pc7c5- Ng1f3- Nb8c6- Pd2d4- Pc5d4x Nf3d4x Ng8f6- Nb1c3- Bf8c5- Bc1e3- Bc5d4x Be3d4x Ke8g8- Bf1d3- Pd7d5- Pe4e5- Nf6d7- Ke1g1- Pf7f6- Pe5f6x Nd7f6x Pf4f5- Pe6e5- Bd4e3- Pd5d4- Be3g5- Pd4c3x Pb2c3x Qd8b6+ Kg1h1- Bc8d7- Ph2h3- Ra8d8- Bg5f6x Rf8f6x Qd1g4- Rd8f8- Ra1e1- Rf6h6- Re1e5x Nc6e5x Qg4e4- Ne5d3x Pc2d3x Bd7c6- Qe4g4- Rh6g6- Qg4h4- Qb6e3- Rf1e1- Qe3d3x Re1e7- Qd3f1+ Kh1h2- Qf1g2$ ,59,checkmate,0-1,"[29, 48, -16, -5, -5, 0, -35, -11, -9, 0, -7, 83, -43, 158, 151, 141, -283, 60, -124, 105, -317, 117, -167, 106, -410, -28, -306, -327, -350, -350, -350, -364, -346, -346, -423, -391, -388, -387, -398, -346, -379, -345, -555, -567, -566, -568, -582, -584, -604, -636, -99994, -580, -99993, -611, -99998, -99999, -99999, -100000]",4.769230769230769,3.2
Pd2d4- Pd7d6- Pc2c4- Pc7c6- Nb1c3- Ng8f6- Pe2e4- Pg7g6- Pf2f4- Bf8g7- Ng1f3- Ke8g8- Bf1d3- Nb8d7- Ke1g1- Pe7e5- Pf4e5x Pd6e5x Pd4d5- Pc6d5x Pc4d5x Nd7c5- Bd3c2- Bc8g4- Qd1e2- Qd8b6- Kg1h1- Ra8c8- Ph2h3- Bg4f3x Rf1f3x Nc5d7- Bc1e3- Qb6c7- Ra1f1- Pa7a6- Pa2a3- Pb7b5- Pb2b4- Nd7b6- Be3b6x Qc7b6x Rf3f6x Bg7f6x Rf1f6x Qb6d4- Rf6b6- Rc8c3x Qe2g4- ,50,invalid_move,*,"[31, 54, 40, 64, 77, 80, 71, 82, 56, 106, 99, 94, 47, 121, 73, 62, 48, 48, 55, 56, 61, 65, 67, 55, 20, 61, 55, 63, -15, 57, 70, 95, -389, 183, 113, 110, 81, 99, -329, 260, -42, -43, -325, -302, -454, 197, -475, -429, -573]",1.3333333333333333,1.6666666666666667
